id_personne,description
1000       ,"Curabitur convallis eleifend tincidunt. Sed at nibh et orci consectetur tempor ut eget nisi. Vivamus sed sodales est, nec porta urna. Cras vel justo eu tortor mollis porta sollicitudin sit amet mauris. Integer vel orci vitae lectus rhoncus scelerisque vel quis magna. Vivamus luctus mollis tortor, nec gravida lorem malesuada molestie. Pellentesque habitant morbi tristique senectus et netus et malesuada fames ac turpis egestas. Duis viverra placerat leo. Aliquam vel justo a justo faucibus malesuada. Donec feugiat tellus a diam imperdiet lobortis. Phasellus feugiat fermentum vulputate. Sed sollicitudin orci in gravida feugiat. Curabitur quis finibus leo."
1001       ,"Curabitur convallis eleifend tincidunt. Sed at nibh et orci consectetur tempor ut eget nisi. Vivamus sed sodales est, nec porta urna. Cras vel justo eu tortor mollis porta sollicitudin sit amet mauris. Integer vel orci vitae lectus rhoncus scelerisque vel quis magna. Vivamus luctus mollis tortor, nec gravida lorem malesuada molestie. Pellentesque habitant morbi tristique senectus et netus et malesuada fames ac turpis egestas. Duis viverra placerat leo. Aliquam vel justo a justo faucibus malesuada. Donec feugiat tellus a diam imperdiet lobortis. Phasellus feugiat fermentum vulputate. Sed sollicitudin orci in gravida feugiat. Curabitur quis finibus leo."
1002       ,"Phasellus malesuada, sem non sollicitudin pharetra, purus ligula blandit odio, cursus sodales sapien justo sed massa. Aliquam suscipit venenatis lacinia. In hac habitasse platea dictumst. Morbi sagittis luctus risus, sed suscipit dui tempus eu. Phasellus a arcu ultricies, facilisis purus in, cursus erat. Sed augue dui, pretium ac nisi interdum, iaculis accumsan eros. Nulla euismod augue in nisi ultricies pulvinar. Maecenas eu leo sed enim dignissim semper sit amet quis sapien. Nulla sollicitudin urna eu leo consequat, ac ullamcorper diam rutrum. Sed quis suscipit metus."
1003       ,"Lorem ipsum dolor sit amet, consectetur adipiscing elit. Praesent vitae arcu urna. Nulla faucibus quam vitae porttitor euismod. Etiam non bibendum magna, eu consequat metus. Nulla facilisi. Quisque in tincidunt dui. Ut id facilisis erat. Orci varius natoque penatibus et magnis dis parturient montes, nascetur ridiculus mus. Curabitur dapibus quam magna. Vestibulum maximus ante quis augue dapibus pharetra. Aenean gravida nulla leo, non congue erat bibendum ac. In tempus non ipsum sed euismod."
1004       ,"Phasellus malesuada, sem non sollicitudin pharetra, purus ligula blandit odio, cursus sodales sapien justo sed massa. Aliquam suscipit venenatis lacinia. In hac habitasse platea dictumst. Morbi sagittis luctus risus, sed suscipit dui tempus eu. Phasellus a arcu ultricies, facilisis purus in, cursus erat. Sed augue dui, pretium ac nisi interdum, iaculis accumsan eros. Nulla euismod augue in nisi ultricies pulvinar. Maecenas eu leo sed enim dignissim semper sit amet quis sapien. Nulla sollicitudin urna eu leo consequat, ac ullamcorper diam rutrum. Sed quis suscipit metus."
1005       ,"Curabitur convallis eleifend tincidunt. Sed at nibh et orci consectetur tempor ut eget nisi. Vivamus sed sodales est, nec porta urna. Cras vel justo eu tortor mollis porta sollicitudin sit amet mauris. Integer vel orci vitae lectus rhoncus scelerisque vel quis magna. Vivamus luctus mollis tortor, nec gravida lorem malesuada molestie. Pellentesque habitant morbi tristique senectus et netus et malesuada fames ac turpis egestas. Duis viverra placerat leo. Aliquam vel justo a justo faucibus malesuada. Donec feugiat tellus a diam imperdiet lobortis. Phasellus feugiat fermentum vulputate. Sed sollicitudin orci in gravida feugiat. Curabitur quis finibus leo."
1006       ,"Lorem ipsum dolor sit amet, consectetur adipiscing elit. Praesent vitae arcu urna. Nulla faucibus quam vitae porttitor euismod. Etiam non bibendum magna, eu consequat metus. Nulla facilisi. Quisque in tincidunt dui. Ut id facilisis erat. Orci varius natoque penatibus et magnis dis parturient montes, nascetur ridiculus mus. Curabitur dapibus quam magna. Vestibulum maximus ante quis augue dapibus pharetra. Aenean gravida nulla leo, non congue erat bibendum ac. In tempus non ipsum sed euismod."
1007       ,"Lorem ipsum dolor sit amet, consectetur adipiscing elit. Praesent vitae arcu urna. Nulla faucibus quam vitae porttitor euismod. Etiam non bibendum magna, eu consequat metus. Nulla facilisi. Quisque in tincidunt dui. Ut id facilisis erat. Orci varius natoque penatibus et magnis dis parturient montes, nascetur ridiculus mus. Curabitur dapibus quam magna. Vestibulum maximus ante quis augue dapibus pharetra. Aenean gravida nulla leo, non congue erat bibendum ac. In tempus non ipsum sed euismod."
1008       ,"Curabitur convallis eleifend tincidunt. Sed at nibh et orci consectetur tempor ut eget nisi. Vivamus sed sodales est, nec porta urna. Cras vel justo eu tortor mollis porta sollicitudin sit amet mauris. Integer vel orci vitae lectus rhoncus scelerisque vel quis magna. Vivamus luctus mollis tortor, nec gravida lorem malesuada molestie. Pellentesque habitant morbi tristique senectus et netus et malesuada fames ac turpis egestas. Duis viverra placerat leo. Aliquam vel justo a justo faucibus malesuada. Donec feugiat tellus a diam imperdiet lobortis. Phasellus feugiat fermentum vulputate. Sed sollicitudin orci in gravida feugiat. Curabitur quis finibus leo."
1009       ,"Phasellus malesuada, sem non sollicitudin pharetra, purus ligula blandit odio, cursus sodales sapien justo sed massa. Aliquam suscipit venenatis lacinia. In hac habitasse platea dictumst. Morbi sagittis luctus risus, sed suscipit dui tempus eu. Phasellus a arcu ultricies, facilisis purus in, cursus erat. Sed augue dui, pretium ac nisi interdum, iaculis accumsan eros. Nulla euismod augue in nisi ultricies pulvinar. Maecenas eu leo sed enim dignissim semper sit amet quis sapien. Nulla sollicitudin urna eu leo consequat, ac ullamcorper diam rutrum. Sed quis suscipit metus."
1010       ,"Lorem ipsum dolor sit amet, consectetur adipiscing elit. Praesent vitae arcu urna. Nulla faucibus quam vitae porttitor euismod. Etiam non bibendum magna, eu consequat metus. Nulla facilisi. Quisque in tincidunt dui. Ut id facilisis erat. Orci varius natoque penatibus et magnis dis parturient montes, nascetur ridiculus mus. Curabitur dapibus quam magna. Vestibulum maximus ante quis augue dapibus pharetra. Aenean gravida nulla leo, non congue erat bibendum ac. In tempus non ipsum sed euismod."
1011       ,"Phasellus malesuada, sem non sollicitudin pharetra, purus ligula blandit odio, cursus sodales sapien justo sed massa. Aliquam suscipit venenatis lacinia. In hac habitasse platea dictumst. Morbi sagittis luctus risus, sed suscipit dui tempus eu. Phasellus a arcu ultricies, facilisis purus in, cursus erat. Sed augue dui, pretium ac nisi interdum, iaculis accumsan eros. Nulla euismod augue in nisi ultricies pulvinar. Maecenas eu leo sed enim dignissim semper sit amet quis sapien. Nulla sollicitudin urna eu leo consequat, ac ullamcorper diam rutrum. Sed quis suscipit metus."
1012       ,"Curabitur convallis eleifend tincidunt. Sed at nibh et orci consectetur tempor ut eget nisi. Vivamus sed sodales est, nec porta urna. Cras vel justo eu tortor mollis porta sollicitudin sit amet mauris. Integer vel orci vitae lectus rhoncus scelerisque vel quis magna. Vivamus luctus mollis tortor, nec gravida lorem malesuada molestie. Pellentesque habitant morbi tristique senectus et netus et malesuada fames ac turpis egestas. Duis viverra placerat leo. Aliquam vel justo a justo faucibus malesuada. Donec feugiat tellus a diam imperdiet lobortis. Phasellus feugiat fermentum vulputate. Sed sollicitudin orci in gravida feugiat. Curabitur quis finibus leo."
1013       ,"Suspendisse sit amet pharetra augue, quis semper augue. Vivamus vel nunc cursus, cursus ante quis, dictum eros. Etiam a purus metus. Praesent at elit ullamcorper, lobortis ipsum eget, tempus ligula. Integer urna erat, consequat id sapien ac, commodo vestibulum nisl. In odio ligula, iaculis hendrerit eros ac, viverra bibendum risus. Donec vulputate ligula neque, eget malesuada nibh venenatis sit amet. Nunc laoreet odio et venenatis congue. Suspendisse leo eros, rhoncus ultrices sem sed, efficitur luctus tortor. Curabitur nec eros sit amet mi condimentum molestie."
1014       ,"Curabitur convallis eleifend tincidunt. Sed at nibh et orci consectetur tempor ut eget nisi. Vivamus sed sodales est, nec porta urna. Cras vel justo eu tortor mollis porta sollicitudin sit amet mauris. Integer vel orci vitae lectus rhoncus scelerisque vel quis magna. Vivamus luctus mollis tortor, nec gravida lorem malesuada molestie. Pellentesque habitant morbi tristique senectus et netus et malesuada fames ac turpis egestas. Duis viverra placerat leo. Aliquam vel justo a justo faucibus malesuada. Donec feugiat tellus a diam imperdiet lobortis. Phasellus feugiat fermentum vulputate. Sed sollicitudin orci in gravida feugiat. Curabitur quis finibus leo."
1015       ,"Vestibulum ante ipsum primis in faucibus orci luctus et ultrices posuere cubilia Curae; Morbi vel tincidunt metus, id aliquam quam. Ut vulputate sodales luctus. Etiam et tellus in mauris placerat dignissim sed sit amet orci. Maecenas sodales vitae mi quis efficitur. Praesent ultricies ultricies mauris sit amet bibendum. Nam pharetra consequat odio consequat tincidunt. Nullam vel tortor ut dui sollicitudin hendrerit quis sed lectus. Etiam rhoncus ullamcorper ullamcorper. Curabitur sagittis consequat odio, eu interdum lorem porttitor non."
1016       ,"Phasellus malesuada, sem non sollicitudin pharetra, purus ligula blandit odio, cursus sodales sapien justo sed massa. Aliquam suscipit venenatis lacinia. In hac habitasse platea dictumst. Morbi sagittis luctus risus, sed suscipit dui tempus eu. Phasellus a arcu ultricies, facilisis purus in, cursus erat. Sed augue dui, pretium ac nisi interdum, iaculis accumsan eros. Nulla euismod augue in nisi ultricies pulvinar. Maecenas eu leo sed enim dignissim semper sit amet quis sapien. Nulla sollicitudin urna eu leo consequat, ac ullamcorper diam rutrum. Sed quis suscipit metus."
1017       ,"Phasellus malesuada, sem non sollicitudin pharetra, purus ligula blandit odio, cursus sodales sapien justo sed massa. Aliquam suscipit venenatis lacinia. In hac habitasse platea dictumst. Morbi sagittis luctus risus, sed suscipit dui tempus eu. Phasellus a arcu ultricies, facilisis purus in, cursus erat. Sed augue dui, pretium ac nisi interdum, iaculis accumsan eros. Nulla euismod augue in nisi ultricies pulvinar. Maecenas eu leo sed enim dignissim semper sit amet quis sapien. Nulla sollicitudin urna eu leo consequat, ac ullamcorper diam rutrum. Sed quis suscipit metus."
1018       ,"Vestibulum ante ipsum primis in faucibus orci luctus et ultrices posuere cubilia Curae; Morbi vel tincidunt metus, id aliquam quam. Ut vulputate sodales luctus. Etiam et tellus in mauris placerat dignissim sed sit amet orci. Maecenas sodales vitae mi quis efficitur. Praesent ultricies ultricies mauris sit amet bibendum. Nam pharetra consequat odio consequat tincidunt. Nullam vel tortor ut dui sollicitudin hendrerit quis sed lectus. Etiam rhoncus ullamcorper ullamcorper. Curabitur sagittis consequat odio, eu interdum lorem porttitor non."
1019       ,"Suspendisse sit amet pharetra augue, quis semper augue. Vivamus vel nunc cursus, cursus ante quis, dictum eros. Etiam a purus metus. Praesent at elit ullamcorper, lobortis ipsum eget, tempus ligula. Integer urna erat, consequat id sapien ac, commodo vestibulum nisl. In odio ligula, iaculis hendrerit eros ac, viverra bibendum risus. Donec vulputate ligula neque, eget malesuada nibh venenatis sit amet. Nunc laoreet odio et venenatis congue. Suspendisse leo eros, rhoncus ultrices sem sed, efficitur luctus tortor. Curabitur nec eros sit amet mi condimentum molestie."
1020       ,"Vestibulum ante ipsum primis in faucibus orci luctus et ultrices posuere cubilia Curae; Morbi vel tincidunt metus, id aliquam quam. Ut vulputate sodales luctus. Etiam et tellus in mauris placerat dignissim sed sit amet orci. Maecenas sodales vitae mi quis efficitur. Praesent ultricies ultricies mauris sit amet bibendum. Nam pharetra consequat odio consequat tincidunt. Nullam vel tortor ut dui sollicitudin hendrerit quis sed lectus. Etiam rhoncus ullamcorper ullamcorper. Curabitur sagittis consequat odio, eu interdum lorem porttitor non."
1021       ,"Lorem ipsum dolor sit amet, consectetur adipiscing elit. Praesent vitae arcu urna. Nulla faucibus quam vitae porttitor euismod. Etiam non bibendum magna, eu consequat metus. Nulla facilisi. Quisque in tincidunt dui. Ut id facilisis erat. Orci varius natoque penatibus et magnis dis parturient montes, nascetur ridiculus mus. Curabitur dapibus quam magna. Vestibulum maximus ante quis augue dapibus pharetra. Aenean gravida nulla leo, non congue erat bibendum ac. In tempus non ipsum sed euismod."
1022       ,"Phasellus malesuada, sem non sollicitudin pharetra, purus ligula blandit odio, cursus sodales sapien justo sed massa. Aliquam suscipit venenatis lacinia. In hac habitasse platea dictumst. Morbi sagittis luctus risus, sed suscipit dui tempus eu. Phasellus a arcu ultricies, facilisis purus in, cursus erat. Sed augue dui, pretium ac nisi interdum, iaculis accumsan eros. Nulla euismod augue in nisi ultricies pulvinar. Maecenas eu leo sed enim dignissim semper sit amet quis sapien. Nulla sollicitudin urna eu leo consequat, ac ullamcorper diam rutrum. Sed quis suscipit metus."
1023       ,"Lorem ipsum dolor sit amet, consectetur adipiscing elit. Praesent vitae arcu urna. Nulla faucibus quam vitae porttitor euismod. Etiam non bibendum magna, eu consequat metus. Nulla facilisi. Quisque in tincidunt dui. Ut id facilisis erat. Orci varius natoque penatibus et magnis dis parturient montes, nascetur ridiculus mus. Curabitur dapibus quam magna. Vestibulum maximus ante quis augue dapibus pharetra. Aenean gravida nulla leo, non congue erat bibendum ac. In tempus non ipsum sed euismod."
1024       ,"Suspendisse sit amet pharetra augue, quis semper augue. Vivamus vel nunc cursus, cursus ante quis, dictum eros. Etiam a purus metus. Praesent at elit ullamcorper, lobortis ipsum eget, tempus ligula. Integer urna erat, consequat id sapien ac, commodo vestibulum nisl. In odio ligula, iaculis hendrerit eros ac, viverra bibendum risus. Donec vulputate ligula neque, eget malesuada nibh venenatis sit amet. Nunc laoreet odio et venenatis congue. Suspendisse leo eros, rhoncus ultrices sem sed, efficitur luctus tortor. Curabitur nec eros sit amet mi condimentum molestie."
1025       ,"Curabitur convallis eleifend tincidunt. Sed at nibh et orci consectetur tempor ut eget nisi. Vivamus sed sodales est, nec porta urna. Cras vel justo eu tortor mollis porta sollicitudin sit amet mauris. Integer vel orci vitae lectus rhoncus scelerisque vel quis magna. Vivamus luctus mollis tortor, nec gravida lorem malesuada molestie. Pellentesque habitant morbi tristique senectus et netus et malesuada fames ac turpis egestas. Duis viverra placerat leo. Aliquam vel justo a justo faucibus malesuada. Donec feugiat tellus a diam imperdiet lobortis. Phasellus feugiat fermentum vulputate. Sed sollicitudin orci in gravida feugiat. Curabitur quis finibus leo."
1026       ,"Vestibulum ante ipsum primis in faucibus orci luctus et ultrices posuere cubilia Curae; Morbi vel tincidunt metus, id aliquam quam. Ut vulputate sodales luctus. Etiam et tellus in mauris placerat dignissim sed sit amet orci. Maecenas sodales vitae mi quis efficitur. Praesent ultricies ultricies mauris sit amet bibendum. Nam pharetra consequat odio consequat tincidunt. Nullam vel tortor ut dui sollicitudin hendrerit quis sed lectus. Etiam rhoncus ullamcorper ullamcorper. Curabitur sagittis consequat odio, eu interdum lorem porttitor non."
1027       ,"Suspendisse sit amet pharetra augue, quis semper augue. Vivamus vel nunc cursus, cursus ante quis, dictum eros. Etiam a purus metus. Praesent at elit ullamcorper, lobortis ipsum eget, tempus ligula. Integer urna erat, consequat id sapien ac, commodo vestibulum nisl. In odio ligula, iaculis hendrerit eros ac, viverra bibendum risus. Donec vulputate ligula neque, eget malesuada nibh venenatis sit amet. Nunc laoreet odio et venenatis congue. Suspendisse leo eros, rhoncus ultrices sem sed, efficitur luctus tortor. Curabitur nec eros sit amet mi condimentum molestie."
1028       ,"Phasellus malesuada, sem non sollicitudin pharetra, purus ligula blandit odio, cursus sodales sapien justo sed massa. Aliquam suscipit venenatis lacinia. In hac habitasse platea dictumst. Morbi sagittis luctus risus, sed suscipit dui tempus eu. Phasellus a arcu ultricies, facilisis purus in, cursus erat. Sed augue dui, pretium ac nisi interdum, iaculis accumsan eros. Nulla euismod augue in nisi ultricies pulvinar. Maecenas eu leo sed enim dignissim semper sit amet quis sapien. Nulla sollicitudin urna eu leo consequat, ac ullamcorper diam rutrum. Sed quis suscipit metus."
1029       ,"Curabitur convallis eleifend tincidunt. Sed at nibh et orci consectetur tempor ut eget nisi. Vivamus sed sodales est, nec porta urna. Cras vel justo eu tortor mollis porta sollicitudin sit amet mauris. Integer vel orci vitae lectus rhoncus scelerisque vel quis magna. Vivamus luctus mollis tortor, nec gravida lorem malesuada molestie. Pellentesque habitant morbi tristique senectus et netus et malesuada fames ac turpis egestas. Duis viverra placerat leo. Aliquam vel justo a justo faucibus malesuada. Donec feugiat tellus a diam imperdiet lobortis. Phasellus feugiat fermentum vulputate. Sed sollicitudin orci in gravida feugiat. Curabitur quis finibus leo."
1030       ,"Phasellus malesuada, sem non sollicitudin pharetra, purus ligula blandit odio, cursus sodales sapien justo sed massa. Aliquam suscipit venenatis lacinia. In hac habitasse platea dictumst. Morbi sagittis luctus risus, sed suscipit dui tempus eu. Phasellus a arcu ultricies, facilisis purus in, cursus erat. Sed augue dui, pretium ac nisi interdum, iaculis accumsan eros. Nulla euismod augue in nisi ultricies pulvinar. Maecenas eu leo sed enim dignissim semper sit amet quis sapien. Nulla sollicitudin urna eu leo consequat, ac ullamcorper diam rutrum. Sed quis suscipit metus."
1031       ,"Lorem ipsum dolor sit amet, consectetur adipiscing elit. Praesent vitae arcu urna. Nulla faucibus quam vitae porttitor euismod. Etiam non bibendum magna, eu consequat metus. Nulla facilisi. Quisque in tincidunt dui. Ut id facilisis erat. Orci varius natoque penatibus et magnis dis parturient montes, nascetur ridiculus mus. Curabitur dapibus quam magna. Vestibulum maximus ante quis augue dapibus pharetra. Aenean gravida nulla leo, non congue erat bibendum ac. In tempus non ipsum sed euismod."
1032       ,"Lorem ipsum dolor sit amet, consectetur adipiscing elit. Praesent vitae arcu urna. Nulla faucibus quam vitae porttitor euismod. Etiam non bibendum magna, eu consequat metus. Nulla facilisi. Quisque in tincidunt dui. Ut id facilisis erat. Orci varius natoque penatibus et magnis dis parturient montes, nascetur ridiculus mus. Curabitur dapibus quam magna. Vestibulum maximus ante quis augue dapibus pharetra. Aenean gravida nulla leo, non congue erat bibendum ac. In tempus non ipsum sed euismod."
1033       ,"Lorem ipsum dolor sit amet, consectetur adipiscing elit. Praesent vitae arcu urna. Nulla faucibus quam vitae porttitor euismod. Etiam non bibendum magna, eu consequat metus. Nulla facilisi. Quisque in tincidunt dui. Ut id facilisis erat. Orci varius natoque penatibus et magnis dis parturient montes, nascetur ridiculus mus. Curabitur dapibus quam magna. Vestibulum maximus ante quis augue dapibus pharetra. Aenean gravida nulla leo, non congue erat bibendum ac. In tempus non ipsum sed euismod."
1034       ,"Phasellus malesuada, sem non sollicitudin pharetra, purus ligula blandit odio, cursus sodales sapien justo sed massa. Aliquam suscipit venenatis lacinia. In hac habitasse platea dictumst. Morbi sagittis luctus risus, sed suscipit dui tempus eu. Phasellus a arcu ultricies, facilisis purus in, cursus erat. Sed augue dui, pretium ac nisi interdum, iaculis accumsan eros. Nulla euismod augue in nisi ultricies pulvinar. Maecenas eu leo sed enim dignissim semper sit amet quis sapien. Nulla sollicitudin urna eu leo consequat, ac ullamcorper diam rutrum. Sed quis suscipit metus."
1035       ,"Suspendisse sit amet pharetra augue, quis semper augue. Vivamus vel nunc cursus, cursus ante quis, dictum eros. Etiam a purus metus. Praesent at elit ullamcorper, lobortis ipsum eget, tempus ligula. Integer urna erat, consequat id sapien ac, commodo vestibulum nisl. In odio ligula, iaculis hendrerit eros ac, viverra bibendum risus. Donec vulputate ligula neque, eget malesuada nibh venenatis sit amet. Nunc laoreet odio et venenatis congue. Suspendisse leo eros, rhoncus ultrices sem sed, efficitur luctus tortor. Curabitur nec eros sit amet mi condimentum molestie."
1036       ,"Curabitur convallis eleifend tincidunt. Sed at nibh et orci consectetur tempor ut eget nisi. Vivamus sed sodales est, nec porta urna. Cras vel justo eu tortor mollis porta sollicitudin sit amet mauris. Integer vel orci vitae lectus rhoncus scelerisque vel quis magna. Vivamus luctus mollis tortor, nec gravida lorem malesuada molestie. Pellentesque habitant morbi tristique senectus et netus et malesuada fames ac turpis egestas. Duis viverra placerat leo. Aliquam vel justo a justo faucibus malesuada. Donec feugiat tellus a diam imperdiet lobortis. Phasellus feugiat fermentum vulputate. Sed sollicitudin orci in gravida feugiat. Curabitur quis finibus leo."
1037       ,"Lorem ipsum dolor sit amet, consectetur adipiscing elit. Praesent vitae arcu urna. Nulla faucibus quam vitae porttitor euismod. Etiam non bibendum magna, eu consequat metus. Nulla facilisi. Quisque in tincidunt dui. Ut id facilisis erat. Orci varius natoque penatibus et magnis dis parturient montes, nascetur ridiculus mus. Curabitur dapibus quam magna. Vestibulum maximus ante quis augue dapibus pharetra. Aenean gravida nulla leo, non congue erat bibendum ac. In tempus non ipsum sed euismod."
1038       ,"Vestibulum ante ipsum primis in faucibus orci luctus et ultrices posuere cubilia Curae; Morbi vel tincidunt metus, id aliquam quam. Ut vulputate sodales luctus. Etiam et tellus in mauris placerat dignissim sed sit amet orci. Maecenas sodales vitae mi quis efficitur. Praesent ultricies ultricies mauris sit amet bibendum. Nam pharetra consequat odio consequat tincidunt. Nullam vel tortor ut dui sollicitudin hendrerit quis sed lectus. Etiam rhoncus ullamcorper ullamcorper. Curabitur sagittis consequat odio, eu interdum lorem porttitor non."
1039       ,"Suspendisse sit amet pharetra augue, quis semper augue. Vivamus vel nunc cursus, cursus ante quis, dictum eros. Etiam a purus metus. Praesent at elit ullamcorper, lobortis ipsum eget, tempus ligula. Integer urna erat, consequat id sapien ac, commodo vestibulum nisl. In odio ligula, iaculis hendrerit eros ac, viverra bibendum risus. Donec vulputate ligula neque, eget malesuada nibh venenatis sit amet. Nunc laoreet odio et venenatis congue. Suspendisse leo eros, rhoncus ultrices sem sed, efficitur luctus tortor. Curabitur nec eros sit amet mi condimentum molestie."
1040       ,"Phasellus malesuada, sem non sollicitudin pharetra, purus ligula blandit odio, cursus sodales sapien justo sed massa. Aliquam suscipit venenatis lacinia. In hac habitasse platea dictumst. Morbi sagittis luctus risus, sed suscipit dui tempus eu. Phasellus a arcu ultricies, facilisis purus in, cursus erat. Sed augue dui, pretium ac nisi interdum, iaculis accumsan eros. Nulla euismod augue in nisi ultricies pulvinar. Maecenas eu leo sed enim dignissim semper sit amet quis sapien. Nulla sollicitudin urna eu leo consequat, ac ullamcorper diam rutrum. Sed quis suscipit metus."
1041       ,"Curabitur convallis eleifend tincidunt. Sed at nibh et orci consectetur tempor ut eget nisi. Vivamus sed sodales est, nec porta urna. Cras vel justo eu tortor mollis porta sollicitudin sit amet mauris. Integer vel orci vitae lectus rhoncus scelerisque vel quis magna. Vivamus luctus mollis tortor, nec gravida lorem malesuada molestie. Pellentesque habitant morbi tristique senectus et netus et malesuada fames ac turpis egestas. Duis viverra placerat leo. Aliquam vel justo a justo faucibus malesuada. Donec feugiat tellus a diam imperdiet lobortis. Phasellus feugiat fermentum vulputate. Sed sollicitudin orci in gravida feugiat. Curabitur quis finibus leo."
1042       ,"Suspendisse sit amet pharetra augue, quis semper augue. Vivamus vel nunc cursus, cursus ante quis, dictum eros. Etiam a purus metus. Praesent at elit ullamcorper, lobortis ipsum eget, tempus ligula. Integer urna erat, consequat id sapien ac, commodo vestibulum nisl. In odio ligula, iaculis hendrerit eros ac, viverra bibendum risus. Donec vulputate ligula neque, eget malesuada nibh venenatis sit amet. Nunc laoreet odio et venenatis congue. Suspendisse leo eros, rhoncus ultrices sem sed, efficitur luctus tortor. Curabitur nec eros sit amet mi condimentum molestie."
1043       ,"Curabitur convallis eleifend tincidunt. Sed at nibh et orci consectetur tempor ut eget nisi. Vivamus sed sodales est, nec porta urna. Cras vel justo eu tortor mollis porta sollicitudin sit amet mauris. Integer vel orci vitae lectus rhoncus scelerisque vel quis magna. Vivamus luctus mollis tortor, nec gravida lorem malesuada molestie. Pellentesque habitant morbi tristique senectus et netus et malesuada fames ac turpis egestas. Duis viverra placerat leo. Aliquam vel justo a justo faucibus malesuada. Donec feugiat tellus a diam imperdiet lobortis. Phasellus feugiat fermentum vulputate. Sed sollicitudin orci in gravida feugiat. Curabitur quis finibus leo."
1044       ,"Curabitur convallis eleifend tincidunt. Sed at nibh et orci consectetur tempor ut eget nisi. Vivamus sed sodales est, nec porta urna. Cras vel justo eu tortor mollis porta sollicitudin sit amet mauris. Integer vel orci vitae lectus rhoncus scelerisque vel quis magna. Vivamus luctus mollis tortor, nec gravida lorem malesuada molestie. Pellentesque habitant morbi tristique senectus et netus et malesuada fames ac turpis egestas. Duis viverra placerat leo. Aliquam vel justo a justo faucibus malesuada. Donec feugiat tellus a diam imperdiet lobortis. Phasellus feugiat fermentum vulputate. Sed sollicitudin orci in gravida feugiat. Curabitur quis finibus leo."
1045       ,"Vestibulum ante ipsum primis in faucibus orci luctus et ultrices posuere cubilia Curae; Morbi vel tincidunt metus, id aliquam quam. Ut vulputate sodales luctus. Etiam et tellus in mauris placerat dignissim sed sit amet orci. Maecenas sodales vitae mi quis efficitur. Praesent ultricies ultricies mauris sit amet bibendum. Nam pharetra consequat odio consequat tincidunt. Nullam vel tortor ut dui sollicitudin hendrerit quis sed lectus. Etiam rhoncus ullamcorper ullamcorper. Curabitur sagittis consequat odio, eu interdum lorem porttitor non."
1046       ,"Lorem ipsum dolor sit amet, consectetur adipiscing elit. Praesent vitae arcu urna. Nulla faucibus quam vitae porttitor euismod. Etiam non bibendum magna, eu consequat metus. Nulla facilisi. Quisque in tincidunt dui. Ut id facilisis erat. Orci varius natoque penatibus et magnis dis parturient montes, nascetur ridiculus mus. Curabitur dapibus quam magna. Vestibulum maximus ante quis augue dapibus pharetra. Aenean gravida nulla leo, non congue erat bibendum ac. In tempus non ipsum sed euismod."
1047       ,"Curabitur convallis eleifend tincidunt. Sed at nibh et orci consectetur tempor ut eget nisi. Vivamus sed sodales est, nec porta urna. Cras vel justo eu tortor mollis porta sollicitudin sit amet mauris. Integer vel orci vitae lectus rhoncus scelerisque vel quis magna. Vivamus luctus mollis tortor, nec gravida lorem malesuada molestie. Pellentesque habitant morbi tristique senectus et netus et malesuada fames ac turpis egestas. Duis viverra placerat leo. Aliquam vel justo a justo faucibus malesuada. Donec feugiat tellus a diam imperdiet lobortis. Phasellus feugiat fermentum vulputate. Sed sollicitudin orci in gravida feugiat. Curabitur quis finibus leo."
1048       ,"Vestibulum ante ipsum primis in faucibus orci luctus et ultrices posuere cubilia Curae; Morbi vel tincidunt metus, id aliquam quam. Ut vulputate sodales luctus. Etiam et tellus in mauris placerat dignissim sed sit amet orci. Maecenas sodales vitae mi quis efficitur. Praesent ultricies ultricies mauris sit amet bibendum. Nam pharetra consequat odio consequat tincidunt. Nullam vel tortor ut dui sollicitudin hendrerit quis sed lectus. Etiam rhoncus ullamcorper ullamcorper. Curabitur sagittis consequat odio, eu interdum lorem porttitor non."
1049       ,"Phasellus malesuada, sem non sollicitudin pharetra, purus ligula blandit odio, cursus sodales sapien justo sed massa. Aliquam suscipit venenatis lacinia. In hac habitasse platea dictumst. Morbi sagittis luctus risus, sed suscipit dui tempus eu. Phasellus a arcu ultricies, facilisis purus in, cursus erat. Sed augue dui, pretium ac nisi interdum, iaculis accumsan eros. Nulla euismod augue in nisi ultricies pulvinar. Maecenas eu leo sed enim dignissim semper sit amet quis sapien. Nulla sollicitudin urna eu leo consequat, ac ullamcorper diam rutrum. Sed quis suscipit metus."
1050       ,"Vestibulum ante ipsum primis in faucibus orci luctus et ultrices posuere cubilia Curae; Morbi vel tincidunt metus, id aliquam quam. Ut vulputate sodales luctus. Etiam et tellus in mauris placerat dignissim sed sit amet orci. Maecenas sodales vitae mi quis efficitur. Praesent ultricies ultricies mauris sit amet bibendum. Nam pharetra consequat odio consequat tincidunt. Nullam vel tortor ut dui sollicitudin hendrerit quis sed lectus. Etiam rhoncus ullamcorper ullamcorper. Curabitur sagittis consequat odio, eu interdum lorem porttitor non."
1051       ,"Vestibulum ante ipsum primis in faucibus orci luctus et ultrices posuere cubilia Curae; Morbi vel tincidunt metus, id aliquam quam. Ut vulputate sodales luctus. Etiam et tellus in mauris placerat dignissim sed sit amet orci. Maecenas sodales vitae mi quis efficitur. Praesent ultricies ultricies mauris sit amet bibendum. Nam pharetra consequat odio consequat tincidunt. Nullam vel tortor ut dui sollicitudin hendrerit quis sed lectus. Etiam rhoncus ullamcorper ullamcorper. Curabitur sagittis consequat odio, eu interdum lorem porttitor non."
1052       ,"Lorem ipsum dolor sit amet, consectetur adipiscing elit. Praesent vitae arcu urna. Nulla faucibus quam vitae porttitor euismod. Etiam non bibendum magna, eu consequat metus. Nulla facilisi. Quisque in tincidunt dui. Ut id facilisis erat. Orci varius natoque penatibus et magnis dis parturient montes, nascetur ridiculus mus. Curabitur dapibus quam magna. Vestibulum maximus ante quis augue dapibus pharetra. Aenean gravida nulla leo, non congue erat bibendum ac. In tempus non ipsum sed euismod."
1053       ,"Vestibulum ante ipsum primis in faucibus orci luctus et ultrices posuere cubilia Curae; Morbi vel tincidunt metus, id aliquam quam. Ut vulputate sodales luctus. Etiam et tellus in mauris placerat dignissim sed sit amet orci. Maecenas sodales vitae mi quis efficitur. Praesent ultricies ultricies mauris sit amet bibendum. Nam pharetra consequat odio consequat tincidunt. Nullam vel tortor ut dui sollicitudin hendrerit quis sed lectus. Etiam rhoncus ullamcorper ullamcorper. Curabitur sagittis consequat odio, eu interdum lorem porttitor non."
1054       ,"Phasellus malesuada, sem non sollicitudin pharetra, purus ligula blandit odio, cursus sodales sapien justo sed massa. Aliquam suscipit venenatis lacinia. In hac habitasse platea dictumst. Morbi sagittis luctus risus, sed suscipit dui tempus eu. Phasellus a arcu ultricies, facilisis purus in, cursus erat. Sed augue dui, pretium ac nisi interdum, iaculis accumsan eros. Nulla euismod augue in nisi ultricies pulvinar. Maecenas eu leo sed enim dignissim semper sit amet quis sapien. Nulla sollicitudin urna eu leo consequat, ac ullamcorper diam rutrum. Sed quis suscipit metus."
1055       ,"Curabitur convallis eleifend tincidunt. Sed at nibh et orci consectetur tempor ut eget nisi. Vivamus sed sodales est, nec porta urna. Cras vel justo eu tortor mollis porta sollicitudin sit amet mauris. Integer vel orci vitae lectus rhoncus scelerisque vel quis magna. Vivamus luctus mollis tortor, nec gravida lorem malesuada molestie. Pellentesque habitant morbi tristique senectus et netus et malesuada fames ac turpis egestas. Duis viverra placerat leo. Aliquam vel justo a justo faucibus malesuada. Donec feugiat tellus a diam imperdiet lobortis. Phasellus feugiat fermentum vulputate. Sed sollicitudin orci in gravida feugiat. Curabitur quis finibus leo."
1056       ,"Curabitur convallis eleifend tincidunt. Sed at nibh et orci consectetur tempor ut eget nisi. Vivamus sed sodales est, nec porta urna. Cras vel justo eu tortor mollis porta sollicitudin sit amet mauris. Integer vel orci vitae lectus rhoncus scelerisque vel quis magna. Vivamus luctus mollis tortor, nec gravida lorem malesuada molestie. Pellentesque habitant morbi tristique senectus et netus et malesuada fames ac turpis egestas. Duis viverra placerat leo. Aliquam vel justo a justo faucibus malesuada. Donec feugiat tellus a diam imperdiet lobortis. Phasellus feugiat fermentum vulputate. Sed sollicitudin orci in gravida feugiat. Curabitur quis finibus leo."
1057       ,"Vestibulum ante ipsum primis in faucibus orci luctus et ultrices posuere cubilia Curae; Morbi vel tincidunt metus, id aliquam quam. Ut vulputate sodales luctus. Etiam et tellus in mauris placerat dignissim sed sit amet orci. Maecenas sodales vitae mi quis efficitur. Praesent ultricies ultricies mauris sit amet bibendum. Nam pharetra consequat odio consequat tincidunt. Nullam vel tortor ut dui sollicitudin hendrerit quis sed lectus. Etiam rhoncus ullamcorper ullamcorper. Curabitur sagittis consequat odio, eu interdum lorem porttitor non."
1058       ,"Vestibulum ante ipsum primis in faucibus orci luctus et ultrices posuere cubilia Curae; Morbi vel tincidunt metus, id aliquam quam. Ut vulputate sodales luctus. Etiam et tellus in mauris placerat dignissim sed sit amet orci. Maecenas sodales vitae mi quis efficitur. Praesent ultricies ultricies mauris sit amet bibendum. Nam pharetra consequat odio consequat tincidunt. Nullam vel tortor ut dui sollicitudin hendrerit quis sed lectus. Etiam rhoncus ullamcorper ullamcorper. Curabitur sagittis consequat odio, eu interdum lorem porttitor non."
1059       ,"Phasellus malesuada, sem non sollicitudin pharetra, purus ligula blandit odio, cursus sodales sapien justo sed massa. Aliquam suscipit venenatis lacinia. In hac habitasse platea dictumst. Morbi sagittis luctus risus, sed suscipit dui tempus eu. Phasellus a arcu ultricies, facilisis purus in, cursus erat. Sed augue dui, pretium ac nisi interdum, iaculis accumsan eros. Nulla euismod augue in nisi ultricies pulvinar. Maecenas eu leo sed enim dignissim semper sit amet quis sapien. Nulla sollicitudin urna eu leo consequat, ac ullamcorper diam rutrum. Sed quis suscipit metus."
1060       ,"Suspendisse sit amet pharetra augue, quis semper augue. Vivamus vel nunc cursus, cursus ante quis, dictum eros. Etiam a purus metus. Praesent at elit ullamcorper, lobortis ipsum eget, tempus ligula. Integer urna erat, consequat id sapien ac, commodo vestibulum nisl. In odio ligula, iaculis hendrerit eros ac, viverra bibendum risus. Donec vulputate ligula neque, eget malesuada nibh venenatis sit amet. Nunc laoreet odio et venenatis congue. Suspendisse leo eros, rhoncus ultrices sem sed, efficitur luctus tortor. Curabitur nec eros sit amet mi condimentum molestie."
1061       ,"Phasellus malesuada, sem non sollicitudin pharetra, purus ligula blandit odio, cursus sodales sapien justo sed massa. Aliquam suscipit venenatis lacinia. In hac habitasse platea dictumst. Morbi sagittis luctus risus, sed suscipit dui tempus eu. Phasellus a arcu ultricies, facilisis purus in, cursus erat. Sed augue dui, pretium ac nisi interdum, iaculis accumsan eros. Nulla euismod augue in nisi ultricies pulvinar. Maecenas eu leo sed enim dignissim semper sit amet quis sapien. Nulla sollicitudin urna eu leo consequat, ac ullamcorper diam rutrum. Sed quis suscipit metus."
1062       ,"Vestibulum ante ipsum primis in faucibus orci luctus et ultrices posuere cubilia Curae; Morbi vel tincidunt metus, id aliquam quam. Ut vulputate sodales luctus. Etiam et tellus in mauris placerat dignissim sed sit amet orci. Maecenas sodales vitae mi quis efficitur. Praesent ultricies ultricies mauris sit amet bibendum. Nam pharetra consequat odio consequat tincidunt. Nullam vel tortor ut dui sollicitudin hendrerit quis sed lectus. Etiam rhoncus ullamcorper ullamcorper. Curabitur sagittis consequat odio, eu interdum lorem porttitor non."
1063       ,"Phasellus malesuada, sem non sollicitudin pharetra, purus ligula blandit odio, cursus sodales sapien justo sed massa. Aliquam suscipit venenatis lacinia. In hac habitasse platea dictumst. Morbi sagittis luctus risus, sed suscipit dui tempus eu. Phasellus a arcu ultricies, facilisis purus in, cursus erat. Sed augue dui, pretium ac nisi interdum, iaculis accumsan eros. Nulla euismod augue in nisi ultricies pulvinar. Maecenas eu leo sed enim dignissim semper sit amet quis sapien. Nulla sollicitudin urna eu leo consequat, ac ullamcorper diam rutrum. Sed quis suscipit metus."
1064       ,"Vestibulum ante ipsum primis in faucibus orci luctus et ultrices posuere cubilia Curae; Morbi vel tincidunt metus, id aliquam quam. Ut vulputate sodales luctus. Etiam et tellus in mauris placerat dignissim sed sit amet orci. Maecenas sodales vitae mi quis efficitur. Praesent ultricies ultricies mauris sit amet bibendum. Nam pharetra consequat odio consequat tincidunt. Nullam vel tortor ut dui sollicitudin hendrerit quis sed lectus. Etiam rhoncus ullamcorper ullamcorper. Curabitur sagittis consequat odio, eu interdum lorem porttitor non."
1065       ,"Phasellus malesuada, sem non sollicitudin pharetra, purus ligula blandit odio, cursus sodales sapien justo sed massa. Aliquam suscipit venenatis lacinia. In hac habitasse platea dictumst. Morbi sagittis luctus risus, sed suscipit dui tempus eu. Phasellus a arcu ultricies, facilisis purus in, cursus erat. Sed augue dui, pretium ac nisi interdum, iaculis accumsan eros. Nulla euismod augue in nisi ultricies pulvinar. Maecenas eu leo sed enim dignissim semper sit amet quis sapien. Nulla sollicitudin urna eu leo consequat, ac ullamcorper diam rutrum. Sed quis suscipit metus."
1066       ,"Vestibulum ante ipsum primis in faucibus orci luctus et ultrices posuere cubilia Curae; Morbi vel tincidunt metus, id aliquam quam. Ut vulputate sodales luctus. Etiam et tellus in mauris placerat dignissim sed sit amet orci. Maecenas sodales vitae mi quis efficitur. Praesent ultricies ultricies mauris sit amet bibendum. Nam pharetra consequat odio consequat tincidunt. Nullam vel tortor ut dui sollicitudin hendrerit quis sed lectus. Etiam rhoncus ullamcorper ullamcorper. Curabitur sagittis consequat odio, eu interdum lorem porttitor non."
1067       ,"Suspendisse sit amet pharetra augue, quis semper augue. Vivamus vel nunc cursus, cursus ante quis, dictum eros. Etiam a purus metus. Praesent at elit ullamcorper, lobortis ipsum eget, tempus ligula. Integer urna erat, consequat id sapien ac, commodo vestibulum nisl. In odio ligula, iaculis hendrerit eros ac, viverra bibendum risus. Donec vulputate ligula neque, eget malesuada nibh venenatis sit amet. Nunc laoreet odio et venenatis congue. Suspendisse leo eros, rhoncus ultrices sem sed, efficitur luctus tortor. Curabitur nec eros sit amet mi condimentum molestie."
1068       ,"Suspendisse sit amet pharetra augue, quis semper augue. Vivamus vel nunc cursus, cursus ante quis, dictum eros. Etiam a purus metus. Praesent at elit ullamcorper, lobortis ipsum eget, tempus ligula. Integer urna erat, consequat id sapien ac, commodo vestibulum nisl. In odio ligula, iaculis hendrerit eros ac, viverra bibendum risus. Donec vulputate ligula neque, eget malesuada nibh venenatis sit amet. Nunc laoreet odio et venenatis congue. Suspendisse leo eros, rhoncus ultrices sem sed, efficitur luctus tortor. Curabitur nec eros sit amet mi condimentum molestie."
1069       ,"Curabitur convallis eleifend tincidunt. Sed at nibh et orci consectetur tempor ut eget nisi. Vivamus sed sodales est, nec porta urna. Cras vel justo eu tortor mollis porta sollicitudin sit amet mauris. Integer vel orci vitae lectus rhoncus scelerisque vel quis magna. Vivamus luctus mollis tortor, nec gravida lorem malesuada molestie. Pellentesque habitant morbi tristique senectus et netus et malesuada fames ac turpis egestas. Duis viverra placerat leo. Aliquam vel justo a justo faucibus malesuada. Donec feugiat tellus a diam imperdiet lobortis. Phasellus feugiat fermentum vulputate. Sed sollicitudin orci in gravida feugiat. Curabitur quis finibus leo."
1070       ,"Phasellus malesuada, sem non sollicitudin pharetra, purus ligula blandit odio, cursus sodales sapien justo sed massa. Aliquam suscipit venenatis lacinia. In hac habitasse platea dictumst. Morbi sagittis luctus risus, sed suscipit dui tempus eu. Phasellus a arcu ultricies, facilisis purus in, cursus erat. Sed augue dui, pretium ac nisi interdum, iaculis accumsan eros. Nulla euismod augue in nisi ultricies pulvinar. Maecenas eu leo sed enim dignissim semper sit amet quis sapien. Nulla sollicitudin urna eu leo consequat, ac ullamcorper diam rutrum. Sed quis suscipit metus."
1071       ,"Lorem ipsum dolor sit amet, consectetur adipiscing elit. Praesent vitae arcu urna. Nulla faucibus quam vitae porttitor euismod. Etiam non bibendum magna, eu consequat metus. Nulla facilisi. Quisque in tincidunt dui. Ut id facilisis erat. Orci varius natoque penatibus et magnis dis parturient montes, nascetur ridiculus mus. Curabitur dapibus quam magna. Vestibulum maximus ante quis augue dapibus pharetra. Aenean gravida nulla leo, non congue erat bibendum ac. In tempus non ipsum sed euismod."
1072       ,"Vestibulum ante ipsum primis in faucibus orci luctus et ultrices posuere cubilia Curae; Morbi vel tincidunt metus, id aliquam quam. Ut vulputate sodales luctus. Etiam et tellus in mauris placerat dignissim sed sit amet orci. Maecenas sodales vitae mi quis efficitur. Praesent ultricies ultricies mauris sit amet bibendum. Nam pharetra consequat odio consequat tincidunt. Nullam vel tortor ut dui sollicitudin hendrerit quis sed lectus. Etiam rhoncus ullamcorper ullamcorper. Curabitur sagittis consequat odio, eu interdum lorem porttitor non."
1073       ,"Lorem ipsum dolor sit amet, consectetur adipiscing elit. Praesent vitae arcu urna. Nulla faucibus quam vitae porttitor euismod. Etiam non bibendum magna, eu consequat metus. Nulla facilisi. Quisque in tincidunt dui. Ut id facilisis erat. Orci varius natoque penatibus et magnis dis parturient montes, nascetur ridiculus mus. Curabitur dapibus quam magna. Vestibulum maximus ante quis augue dapibus pharetra. Aenean gravida nulla leo, non congue erat bibendum ac. In tempus non ipsum sed euismod."
1074       ,"Lorem ipsum dolor sit amet, consectetur adipiscing elit. Praesent vitae arcu urna. Nulla faucibus quam vitae porttitor euismod. Etiam non bibendum magna, eu consequat metus. Nulla facilisi. Quisque in tincidunt dui. Ut id facilisis erat. Orci varius natoque penatibus et magnis dis parturient montes, nascetur ridiculus mus. Curabitur dapibus quam magna. Vestibulum maximus ante quis augue dapibus pharetra. Aenean gravida nulla leo, non congue erat bibendum ac. In tempus non ipsum sed euismod."
1075       ,"Curabitur convallis eleifend tincidunt. Sed at nibh et orci consectetur tempor ut eget nisi. Vivamus sed sodales est, nec porta urna. Cras vel justo eu tortor mollis porta sollicitudin sit amet mauris. Integer vel orci vitae lectus rhoncus scelerisque vel quis magna. Vivamus luctus mollis tortor, nec gravida lorem malesuada molestie. Pellentesque habitant morbi tristique senectus et netus et malesuada fames ac turpis egestas. Duis viverra placerat leo. Aliquam vel justo a justo faucibus malesuada. Donec feugiat tellus a diam imperdiet lobortis. Phasellus feugiat fermentum vulputate. Sed sollicitudin orci in gravida feugiat. Curabitur quis finibus leo."
1076       ,"Phasellus malesuada, sem non sollicitudin pharetra, purus ligula blandit odio, cursus sodales sapien justo sed massa. Aliquam suscipit venenatis lacinia. In hac habitasse platea dictumst. Morbi sagittis luctus risus, sed suscipit dui tempus eu. Phasellus a arcu ultricies, facilisis purus in, cursus erat. Sed augue dui, pretium ac nisi interdum, iaculis accumsan eros. Nulla euismod augue in nisi ultricies pulvinar. Maecenas eu leo sed enim dignissim semper sit amet quis sapien. Nulla sollicitudin urna eu leo consequat, ac ullamcorper diam rutrum. Sed quis suscipit metus."
1077       ,"Vestibulum ante ipsum primis in faucibus orci luctus et ultrices posuere cubilia Curae; Morbi vel tincidunt metus, id aliquam quam. Ut vulputate sodales luctus. Etiam et tellus in mauris placerat dignissim sed sit amet orci. Maecenas sodales vitae mi quis efficitur. Praesent ultricies ultricies mauris sit amet bibendum. Nam pharetra consequat odio consequat tincidunt. Nullam vel tortor ut dui sollicitudin hendrerit quis sed lectus. Etiam rhoncus ullamcorper ullamcorper. Curabitur sagittis consequat odio, eu interdum lorem porttitor non."
1078       ,"Lorem ipsum dolor sit amet, consectetur adipiscing elit. Praesent vitae arcu urna. Nulla faucibus quam vitae porttitor euismod. Etiam non bibendum magna, eu consequat metus. Nulla facilisi. Quisque in tincidunt dui. Ut id facilisis erat. Orci varius natoque penatibus et magnis dis parturient montes, nascetur ridiculus mus. Curabitur dapibus quam magna. Vestibulum maximus ante quis augue dapibus pharetra. Aenean gravida nulla leo, non congue erat bibendum ac. In tempus non ipsum sed euismod."
1079       ,"Phasellus malesuada, sem non sollicitudin pharetra, purus ligula blandit odio, cursus sodales sapien justo sed massa. Aliquam suscipit venenatis lacinia. In hac habitasse platea dictumst. Morbi sagittis luctus risus, sed suscipit dui tempus eu. Phasellus a arcu ultricies, facilisis purus in, cursus erat. Sed augue dui, pretium ac nisi interdum, iaculis accumsan eros. Nulla euismod augue in nisi ultricies pulvinar. Maecenas eu leo sed enim dignissim semper sit amet quis sapien. Nulla sollicitudin urna eu leo consequat, ac ullamcorper diam rutrum. Sed quis suscipit metus."
1080       ,"Curabitur convallis eleifend tincidunt. Sed at nibh et orci consectetur tempor ut eget nisi. Vivamus sed sodales est, nec porta urna. Cras vel justo eu tortor mollis porta sollicitudin sit amet mauris. Integer vel orci vitae lectus rhoncus scelerisque vel quis magna. Vivamus luctus mollis tortor, nec gravida lorem malesuada molestie. Pellentesque habitant morbi tristique senectus et netus et malesuada fames ac turpis egestas. Duis viverra placerat leo. Aliquam vel justo a justo faucibus malesuada. Donec feugiat tellus a diam imperdiet lobortis. Phasellus feugiat fermentum vulputate. Sed sollicitudin orci in gravida feugiat. Curabitur quis finibus leo."
1081       ,"Curabitur convallis eleifend tincidunt. Sed at nibh et orci consectetur tempor ut eget nisi. Vivamus sed sodales est, nec porta urna. Cras vel justo eu tortor mollis porta sollicitudin sit amet mauris. Integer vel orci vitae lectus rhoncus scelerisque vel quis magna. Vivamus luctus mollis tortor, nec gravida lorem malesuada molestie. Pellentesque habitant morbi tristique senectus et netus et malesuada fames ac turpis egestas. Duis viverra placerat leo. Aliquam vel justo a justo faucibus malesuada. Donec feugiat tellus a diam imperdiet lobortis. Phasellus feugiat fermentum vulputate. Sed sollicitudin orci in gravida feugiat. Curabitur quis finibus leo."
1082       ,"Phasellus malesuada, sem non sollicitudin pharetra, purus ligula blandit odio, cursus sodales sapien justo sed massa. Aliquam suscipit venenatis lacinia. In hac habitasse platea dictumst. Morbi sagittis luctus risus, sed suscipit dui tempus eu. Phasellus a arcu ultricies, facilisis purus in, cursus erat. Sed augue dui, pretium ac nisi interdum, iaculis accumsan eros. Nulla euismod augue in nisi ultricies pulvinar. Maecenas eu leo sed enim dignissim semper sit amet quis sapien. Nulla sollicitudin urna eu leo consequat, ac ullamcorper diam rutrum. Sed quis suscipit metus."
1083       ,"Suspendisse sit amet pharetra augue, quis semper augue. Vivamus vel nunc cursus, cursus ante quis, dictum eros. Etiam a purus metus. Praesent at elit ullamcorper, lobortis ipsum eget, tempus ligula. Integer urna erat, consequat id sapien ac, commodo vestibulum nisl. In odio ligula, iaculis hendrerit eros ac, viverra bibendum risus. Donec vulputate ligula neque, eget malesuada nibh venenatis sit amet. Nunc laoreet odio et venenatis congue. Suspendisse leo eros, rhoncus ultrices sem sed, efficitur luctus tortor. Curabitur nec eros sit amet mi condimentum molestie."
1084       ,"Vestibulum ante ipsum primis in faucibus orci luctus et ultrices posuere cubilia Curae; Morbi vel tincidunt metus, id aliquam quam. Ut vulputate sodales luctus. Etiam et tellus in mauris placerat dignissim sed sit amet orci. Maecenas sodales vitae mi quis efficitur. Praesent ultricies ultricies mauris sit amet bibendum. Nam pharetra consequat odio consequat tincidunt. Nullam vel tortor ut dui sollicitudin hendrerit quis sed lectus. Etiam rhoncus ullamcorper ullamcorper. Curabitur sagittis consequat odio, eu interdum lorem porttitor non."
1085       ,"Curabitur convallis eleifend tincidunt. Sed at nibh et orci consectetur tempor ut eget nisi. Vivamus sed sodales est, nec porta urna. Cras vel justo eu tortor mollis porta sollicitudin sit amet mauris. Integer vel orci vitae lectus rhoncus scelerisque vel quis magna. Vivamus luctus mollis tortor, nec gravida lorem malesuada molestie. Pellentesque habitant morbi tristique senectus et netus et malesuada fames ac turpis egestas. Duis viverra placerat leo. Aliquam vel justo a justo faucibus malesuada. Donec feugiat tellus a diam imperdiet lobortis. Phasellus feugiat fermentum vulputate. Sed sollicitudin orci in gravida feugiat. Curabitur quis finibus leo."
1086       ,"Vestibulum ante ipsum primis in faucibus orci luctus et ultrices posuere cubilia Curae; Morbi vel tincidunt metus, id aliquam quam. Ut vulputate sodales luctus. Etiam et tellus in mauris placerat dignissim sed sit amet orci. Maecenas sodales vitae mi quis efficitur. Praesent ultricies ultricies mauris sit amet bibendum. Nam pharetra consequat odio consequat tincidunt. Nullam vel tortor ut dui sollicitudin hendrerit quis sed lectus. Etiam rhoncus ullamcorper ullamcorper. Curabitur sagittis consequat odio, eu interdum lorem porttitor non."
1087       ,"Vestibulum ante ipsum primis in faucibus orci luctus et ultrices posuere cubilia Curae; Morbi vel tincidunt metus, id aliquam quam. Ut vulputate sodales luctus. Etiam et tellus in mauris placerat dignissim sed sit amet orci. Maecenas sodales vitae mi quis efficitur. Praesent ultricies ultricies mauris sit amet bibendum. Nam pharetra consequat odio consequat tincidunt. Nullam vel tortor ut dui sollicitudin hendrerit quis sed lectus. Etiam rhoncus ullamcorper ullamcorper. Curabitur sagittis consequat odio, eu interdum lorem porttitor non."
1088       ,"Curabitur convallis eleifend tincidunt. Sed at nibh et orci consectetur tempor ut eget nisi. Vivamus sed sodales est, nec porta urna. Cras vel justo eu tortor mollis porta sollicitudin sit amet mauris. Integer vel orci vitae lectus rhoncus scelerisque vel quis magna. Vivamus luctus mollis tortor, nec gravida lorem malesuada molestie. Pellentesque habitant morbi tristique senectus et netus et malesuada fames ac turpis egestas. Duis viverra placerat leo. Aliquam vel justo a justo faucibus malesuada. Donec feugiat tellus a diam imperdiet lobortis. Phasellus feugiat fermentum vulputate. Sed sollicitudin orci in gravida feugiat. Curabitur quis finibus leo."
1089       ,"Vestibulum ante ipsum primis in faucibus orci luctus et ultrices posuere cubilia Curae; Morbi vel tincidunt metus, id aliquam quam. Ut vulputate sodales luctus. Etiam et tellus in mauris placerat dignissim sed sit amet orci. Maecenas sodales vitae mi quis efficitur. Praesent ultricies ultricies mauris sit amet bibendum. Nam pharetra consequat odio consequat tincidunt. Nullam vel tortor ut dui sollicitudin hendrerit quis sed lectus. Etiam rhoncus ullamcorper ullamcorper. Curabitur sagittis consequat odio, eu interdum lorem porttitor non."
1090       ,"Lorem ipsum dolor sit amet, consectetur adipiscing elit. Praesent vitae arcu urna. Nulla faucibus quam vitae porttitor euismod. Etiam non bibendum magna, eu consequat metus. Nulla facilisi. Quisque in tincidunt dui. Ut id facilisis erat. Orci varius natoque penatibus et magnis dis parturient montes, nascetur ridiculus mus. Curabitur dapibus quam magna. Vestibulum maximus ante quis augue dapibus pharetra. Aenean gravida nulla leo, non congue erat bibendum ac. In tempus non ipsum sed euismod."
1091       ,"Lorem ipsum dolor sit amet, consectetur adipiscing elit. Praesent vitae arcu urna. Nulla faucibus quam vitae porttitor euismod. Etiam non bibendum magna, eu consequat metus. Nulla facilisi. Quisque in tincidunt dui. Ut id facilisis erat. Orci varius natoque penatibus et magnis dis parturient montes, nascetur ridiculus mus. Curabitur dapibus quam magna. Vestibulum maximus ante quis augue dapibus pharetra. Aenean gravida nulla leo, non congue erat bibendum ac. In tempus non ipsum sed euismod."
1092       ,"Phasellus malesuada, sem non sollicitudin pharetra, purus ligula blandit odio, cursus sodales sapien justo sed massa. Aliquam suscipit venenatis lacinia. In hac habitasse platea dictumst. Morbi sagittis luctus risus, sed suscipit dui tempus eu. Phasellus a arcu ultricies, facilisis purus in, cursus erat. Sed augue dui, pretium ac nisi interdum, iaculis accumsan eros. Nulla euismod augue in nisi ultricies pulvinar. Maecenas eu leo sed enim dignissim semper sit amet quis sapien. Nulla sollicitudin urna eu leo consequat, ac ullamcorper diam rutrum. Sed quis suscipit metus."
1093       ,"Lorem ipsum dolor sit amet, consectetur adipiscing elit. Praesent vitae arcu urna. Nulla faucibus quam vitae porttitor euismod. Etiam non bibendum magna, eu consequat metus. Nulla facilisi. Quisque in tincidunt dui. Ut id facilisis erat. Orci varius natoque penatibus et magnis dis parturient montes, nascetur ridiculus mus. Curabitur dapibus quam magna. Vestibulum maximus ante quis augue dapibus pharetra. Aenean gravida nulla leo, non congue erat bibendum ac. In tempus non ipsum sed euismod."
1094       ,"Lorem ipsum dolor sit amet, consectetur adipiscing elit. Praesent vitae arcu urna. Nulla faucibus quam vitae porttitor euismod. Etiam non bibendum magna, eu consequat metus. Nulla facilisi. Quisque in tincidunt dui. Ut id facilisis erat. Orci varius natoque penatibus et magnis dis parturient montes, nascetur ridiculus mus. Curabitur dapibus quam magna. Vestibulum maximus ante quis augue dapibus pharetra. Aenean gravida nulla leo, non congue erat bibendum ac. In tempus non ipsum sed euismod."
1095       ,"Lorem ipsum dolor sit amet, consectetur adipiscing elit. Praesent vitae arcu urna. Nulla faucibus quam vitae porttitor euismod. Etiam non bibendum magna, eu consequat metus. Nulla facilisi. Quisque in tincidunt dui. Ut id facilisis erat. Orci varius natoque penatibus et magnis dis parturient montes, nascetur ridiculus mus. Curabitur dapibus quam magna. Vestibulum maximus ante quis augue dapibus pharetra. Aenean gravida nulla leo, non congue erat bibendum ac. In tempus non ipsum sed euismod."
1096       ,"Phasellus malesuada, sem non sollicitudin pharetra, purus ligula blandit odio, cursus sodales sapien justo sed massa. Aliquam suscipit venenatis lacinia. In hac habitasse platea dictumst. Morbi sagittis luctus risus, sed suscipit dui tempus eu. Phasellus a arcu ultricies, facilisis purus in, cursus erat. Sed augue dui, pretium ac nisi interdum, iaculis accumsan eros. Nulla euismod augue in nisi ultricies pulvinar. Maecenas eu leo sed enim dignissim semper sit amet quis sapien. Nulla sollicitudin urna eu leo consequat, ac ullamcorper diam rutrum. Sed quis suscipit metus."
1097       ,"Phasellus malesuada, sem non sollicitudin pharetra, purus ligula blandit odio, cursus sodales sapien justo sed massa. Aliquam suscipit venenatis lacinia. In hac habitasse platea dictumst. Morbi sagittis luctus risus, sed suscipit dui tempus eu. Phasellus a arcu ultricies, facilisis purus in, cursus erat. Sed augue dui, pretium ac nisi interdum, iaculis accumsan eros. Nulla euismod augue in nisi ultricies pulvinar. Maecenas eu leo sed enim dignissim semper sit amet quis sapien. Nulla sollicitudin urna eu leo consequat, ac ullamcorper diam rutrum. Sed quis suscipit metus."
1098       ,"Suspendisse sit amet pharetra augue, quis semper augue. Vivamus vel nunc cursus, cursus ante quis, dictum eros. Etiam a purus metus. Praesent at elit ullamcorper, lobortis ipsum eget, tempus ligula. Integer urna erat, consequat id sapien ac, commodo vestibulum nisl. In odio ligula, iaculis hendrerit eros ac, viverra bibendum risus. Donec vulputate ligula neque, eget malesuada nibh venenatis sit amet. Nunc laoreet odio et venenatis congue. Suspendisse leo eros, rhoncus ultrices sem sed, efficitur luctus tortor. Curabitur nec eros sit amet mi condimentum molestie."
1099       ,"Vestibulum ante ipsum primis in faucibus orci luctus et ultrices posuere cubilia Curae; Morbi vel tincidunt metus, id aliquam quam. Ut vulputate sodales luctus. Etiam et tellus in mauris placerat dignissim sed sit amet orci. Maecenas sodales vitae mi quis efficitur. Praesent ultricies ultricies mauris sit amet bibendum. Nam pharetra consequat odio consequat tincidunt. Nullam vel tortor ut dui sollicitudin hendrerit quis sed lectus. Etiam rhoncus ullamcorper ullamcorper. Curabitur sagittis consequat odio, eu interdum lorem porttitor non."
