id,nom,prénom,dateNaissance,motDePasse,dateInscription
1,LAURENT,Itziar,1992-04-06,password,2015-02-07
2,MORIN,Natasha,1985-12-16,password,2015-06-22
3,DUFOUR,Grigory,1992-10-28,password,2015-07-15
4,MARIE,Shevaun,1996-12-01,password,2015-12-09
5,DENIS,Kathryn,2009-05-08,password,2015-03-25
6,OLIVIER,Gilda,1988-02-23,password,2016-02-23
7,LEROY,Katy,1996-09-11,password,2014-12-18
8,BLANCHARD,Veronica,1994-06-22,password,2014-12-08
9,BENOIT,Barret,1990-12-07,password,2016-02-09
10,BLANCHARD,Feichín,2007-05-21,password,2015-10-29
11,DENIS,Nadia ,1986-09-26,password,2015-01-14
12,VINCENT,Raisel,1993-09-02,password,2015-08-27
13,MICHEL,Ximun,1997-12-01,password,2014-04-18
14,VINCENT,Leanora,2011-07-16,password,2016-10-01
15,ROBIN,Bosmat,2011-05-28,password,2016-06-11
16,RIVIERE,Elli ,2001-01-18,password,2015-05-31
17,RENARD,István,1989-01-12,password,2016-09-11
18,VINCENT,Perun,1989-01-01,password,2015-01-11
19,SIMON,Suzan,2002-11-14,password,2014-03-03
20,MARIE,Steph,2010-05-12,password,2014-08-29
21,FOURNIER,Zbigniew,1988-06-25,password,2014-09-27
22,VINCENT,Brynja,1995-04-05,password,2016-07-10
23,RENAUD,Josepha,2005-12-08,password,2014-03-01
24,JOLY,Nawra,1993-09-06,password,2015-04-07
25,RICHARD,Bartal,1996-03-20,password,2015-02-26
26,THOMAS,Haakon,2010-03-05,password,2016-11-06
27,RICHARD,Masego,1986-10-11,password,2016-07-28
28,ROUSSEAU,Merrick,2002-05-29,password,2014-05-20
29,FONTAINE,Hadrianus,2004-04-18,password,2014-11-20
30,FAURE,Noor,1990-02-20,password,2016-07-15
31,ROBIN,Hilda,1986-10-03,password,2016-06-22
32,REY,Jackie,2005-06-25,password,2013-12-09
33,BLANC,Polyxena,1994-03-22,password,2014-01-14
34,BRUN,Marcelle,2003-09-09,password,2015-11-24
35,GARNIER,Livia ,2001-01-06,password,2014-03-06
36,GUILLAUME,Garsha,2006-01-28,password,2016-08-10
37,LEFEVRE,Bratumil,2010-06-01,password,2015-03-21
38,DUVAL,Medea,1988-01-20,password,2015-01-10
39,MERCIER,Valeriya,2007-04-25,password,2015-09-18
40,MOREL,Michael,2010-07-15,password,2014-02-06
41,BLANC,Amelia,1997-06-03,password,2014-01-26
42,GAUTIER,Theron,1990-03-29,password,2014-08-29
43,LACROIX,Margot,1999-02-13,password,2015-07-14
44,GARCIA,Ealisaid,1998-11-09,password,2016-09-14
45,DUMAS,Monta,1989-05-29,password,2014-07-12
46,LEFEVRE,Juraj,1987-03-27,password,2014-02-27
47,LEFEBVRE,Kuno,1999-10-22,password,2015-09-04
48,BLANC,Joisse,2011-09-30,password,2014-11-02
49,ROBERT,Ramses,1986-05-12,password,2016-06-10
50,ROY,Pavlo,1985-07-19,password,2014-03-03
51,RENARD,Colm,1998-02-26,password,2016-01-11
52,ROUSSEL,Moira,1985-01-06,password,2015-12-01
53,GARNIER,Jarvis,1987-01-24,password,2016-11-27
54,BOYER,Divina,2001-01-07,password,2015-04-05
55,MORIN,Heracleitus,2011-06-29,password,2015-03-24
56,ROUSSEAU,Keld,1997-03-26,password,2015-03-10
57,CLEMENT,Dipali,1993-06-19,password,2016-09-16
58,ROUX,Lugus,1997-03-03,password,2016-07-02
59,LEROY,Nicolina,1988-01-13,password,2015-09-25
60,LECLERCQ,Teofil,1987-12-29,password,2016-04-17
61,DAVID,Izz-al-din,2009-12-10,password,2016-11-13
62,DUVAL,Vitor,1985-07-27,password,2016-03-25
63,ROCHE,Gaenor,2002-06-07,password,2014-03-06
64,THOMAS,Praxis,1990-03-19,password,2013-12-12
65,COLIN,Evpraksiya,2008-12-24,password,2016-04-24
66,BERNARD,Inkeri,2003-01-17,password,2015-01-07
67,DENIS,Athanas,2000-11-03,password,2015-10-25
68,DUMONT,Robyn,1985-09-30,password,2016-09-18
69,NOEL,Jackson,2008-10-31,password,2014-01-24
70,COLIN,Sunitha,1996-11-30,password,2015-01-17
71,ROUX,Shanelle,2010-03-13,password,2016-01-17
72,MEUNIER,Alte,2001-04-03,password,2016-11-21
73,CHEVALIER,Persephone,2000-08-03,password,2014-09-22
74,LACROIX,Hestia,1986-11-12,password,2016-01-04
75,BERNARD,Mitya,1992-08-03,password,2015-08-25
76,SIMON,Tina,1999-05-09,password,2014-03-24
77,ROUSSEAU,Györgyike,2007-01-19,password,2015-08-07
78,GARCIA,Abel,2011-06-10,password,2016-05-17
79,DUMONT,Tuija,1992-03-25,password,2013-12-15
80,FABRE,Dolly,2006-10-08,password,2016-06-18
81,PIERRE,Ryan,2006-07-04,password,2015-04-01
82,OLIVIER,Dubhghall,1999-08-03,password,2015-10-26
83,LEROUX,Iosif,2006-10-20,password,2015-12-13
84,MOREAU,Hippolyte,2007-05-07,password,2014-12-09
85,AUBERT,Fahima,1991-01-29,password,2016-03-14
86,LEFEVRE,Sigurd,1987-07-01,password,2014-02-26
87,LEMAIRE,Janusz,2001-01-25,password,2016-10-20
88,FOURNIER,Jorma,1990-07-01,password,2014-09-13
89,DUMONT,Ingrid,1998-05-05,password,2014-02-26
90,RIVIERE,Lloyd,2000-04-18,password,2014-02-16
91,DURAND,Bran ,2002-12-22,password,2015-12-21
92,BLANCHARD,Ethne,2005-04-26,password,2014-09-26
93,ROGER,Dan ,2008-12-31,password,2014-10-14
94,PIERRE,Marit,1999-04-11,password,2014-02-05
95,PIERRE,Laureen,2004-07-28,password,2015-04-12
96,ANDRE,Nomusa,2011-10-19,password,2014-05-20
97,PIERRE,Ksenija,1995-01-31,password,2014-04-24
98,MARCHAND,Paaie,1988-11-11,password,2014-05-30
99,COLIN,Zachery,2000-09-25,password,2014-01-25
100,MARCHAND,Peronelle,2006-02-15,password,2014-10-16
101,LACROIX,Réamann,1993-08-15,password,2015-04-20
102,ROUX,Mosi,2008-11-06,password,2016-01-09
103,COLIN,Prem,1989-02-07,password,2014-03-04
104,DUVAL,Bharat,2002-05-08,password,2015-02-22
105,Err :502,Polona,1998-09-28,password,2014-11-08
106,BRUNET,Nguyet,2005-10-12,password,2016-02-21
107,Err :502,Apollinaris,2011-04-17,password,2014-09-28
108,Err :502,Pluto,2003-04-20,password,2016-11-23
109,GIRARD,Kimiko,1988-12-30,password,2014-12-05
110,FAURE,Ásdís,2010-02-28,password,2015-03-21
111,ARNAUD,Elinor,1989-05-01,password,2014-12-18
112,DUVAL,Demetrio,1999-08-21,password,2016-04-12
113,ROUSSEAU,Dagmar,2011-04-22,password,2016-10-02
114,DURAND,Trish,1997-07-16,password,2014-04-11
115,BRUNET,Diego,2002-01-28,password,2016-02-08
116,LEMAIRE,Hideaki,1996-02-24,password,2016-01-28
117,RENAUD,Jalen,1986-10-21,password,2014-07-10
118,LEROY,Deepak,1985-08-19,password,2014-09-20
119,AUBERT,Duncan,1999-08-04,password,2014-06-15
120,BRUN,Gina ,1994-01-07,password,2015-01-16
121,LUCAS,Juan,1990-09-13,password,2016-02-02
122,RICHARD,Faiga,2011-04-16,password,2014-05-09
123,MULLER,Huo,1988-05-26,password,2016-10-02
124,CARON,Marlena,2000-03-01,password,2015-09-09
125,GARNIER,Patrizio,1997-01-18,password,2015-03-24
126,GAUTHIER,Jennie,2000-02-29,password,2016-10-06
127,CHEVALIER,Severiano,2007-06-01,password,2016-01-26
128,RICHARD,Eusebios,1985-12-05,password,2015-04-14
129,GAUTHIER,Yngvar,2011-11-21,password,2015-01-21
130,BRUN,Terah,1996-08-29,password,2015-12-18
131,BOYER,Lóránd,2002-01-15,password,2015-12-17
132,ROCHE,Rosalie,2008-12-31,password,2015-07-10
133,BOURGEOIS,Sue,2005-11-13,password,2015-07-16
134,MASSON,Jeanna,2001-06-20,password,2015-03-16
135,PAYET,Evgenia,2007-11-18,password,2014-12-14
136,MARCHAND,Mahali,2010-10-17,password,2016-07-26
137,CHEVALIER,Hyam,1993-07-04,password,2015-10-13
138,ANDRE,Marfa,1991-04-09,password,2014-11-18
139,DUMAS,Zephyra,1990-01-25,password,2014-04-08
140,LEROUX,Madhu,1986-02-18,password,2014-07-22
141,BENOIT,Ronald,1986-06-27,password,2015-07-29
142,MEUNIER,Emer,2005-06-07,password,2014-01-29
143,GIRARD,Livvy,2006-08-02,password,2016-08-08
144,MOREL,Klio,2011-06-10,password,2016-11-15
145,RENARD,Jenifer,1987-11-29,password,2014-02-26
146,MEUNIER,Dorinda,1990-09-20,password,2014-10-10
147,FONTAINE,Bedivere,2001-06-09,password,2015-03-01
148,CARON,Nephele,1984-12-30,password,2014-08-24
149,ROUX,Nigella,1985-01-07,password,2015-05-18
150,GARNIER,Jennifer,1995-09-15,password,2016-05-24
151,MARCHAND,Jehoshaphat,2007-03-21,password,2014-03-14
152,DENIS,Ioannis,1996-07-21,password,2015-07-11
153,LEROY,Zacharjasz,1998-09-19,password,2015-04-17
154,FAURE,Lorelle,1999-03-13,password,2016-04-19
155,MULLER,Usman,2003-04-15,password,2015-12-30
156,DUVAL,Reece,1997-09-12,password,2015-10-26
157,BOYER,Rochelle,1999-02-12,password,2016-07-27
158,LEMAIRE,Marietta,2005-08-06,password,2014-12-17
159,PIERRE,Zackary,2003-05-03,password,2016-09-26
160,MORIN,Rozália,2008-09-27,password,2014-07-14
161,RENARD,Arjan,2004-12-09,password,2016-10-13
162,HENRY,Neriah,2003-11-07,password,2016-09-09
163,NICOLAS,Reed,1992-04-25,password,2016-05-05
164,PETIT,Cianán,1987-01-03,password,2016-11-16
165,NOEL,Knute,2006-07-15,password,2015-04-04
166,GUILLAUME,Cherie,1999-10-09,password,2016-03-09
167,FONTAINE,Kerneels,2001-09-03,password,2016-04-10
168,GAUTIER,Almudena,2002-06-25,password,2015-03-24
169,BERNARD,Matjaz,1987-07-02,password,2015-04-30
170,RENARD,Era,1999-03-07,password,2016-04-10
171,MARIE,Cian,1996-12-24,password,2014-03-20
172,LEFEBVRE,Juho,1987-03-13,password,2016-10-31
173,MICHEL,Lenora,2006-07-13,password,2014-04-11
174,PIERRE,Adèle,1988-02-07,password,2014-05-05
175,LAMBERT,Caitríona,1989-04-23,password,2016-11-03
176,ROUX,Jerry,1989-01-10,password,2015-05-28
177,LAMBERT,Kestrel,2009-01-12,password,2014-07-14
178,ANDRE,Mikhailo,2009-11-25,password,2015-12-20
179,SIMON,Boldizsár,1993-08-14,password,2014-09-10
180,BRUNET,Kuno,1992-10-16,password,2016-11-08
181,ROGER,Stafford,2000-07-02,password,2016-09-24
182,HENRY,Panagiotis,1999-02-04,password,2015-10-25
183,SIMON,Dmitri,2005-07-12,password,2015-05-12
184,GAILLARD,Jöran,1985-02-09,password,2016-08-29
185,PHILIPPE,Jenaro,2000-12-23,password,2016-10-11
186,BERNARD,Araceli,2002-07-25,password,2015-06-25
187,BERNARD,Gomer,1990-02-07,password,2016-03-18
188,ARNAUD,Cosmina,1987-08-17,password,2016-03-10
189,MATHIEU,Inácio,1986-08-13,password,2014-04-23
190,MULLER,Apolonija,2007-06-16,password,2014-09-18
191,GAUTHIER,Edmonda,1992-10-02,password,2014-12-02
192,GERARD,Boadicea,1986-07-17,password,2016-11-28
193,VINCENT,Carbrey,2005-12-25,password,2014-04-23
194,MEUNIER,Debdan,2006-07-27,password,2014-11-08
195,PERRIN,Iorwerth,2000-10-24,password,2014-05-26
196,LECLERC,Henning,1986-10-12,password,2016-03-11
197,RENAUD,Deryck,1999-10-03,password,2016-01-05
198,ROCHE,Ethelred,1986-07-17,password,2015-07-15
199,ROBIN,Kora,2000-11-22,password,2014-01-19
200,LEFEBVRE,Sextus,2006-12-16,password,2016-11-01
201,HENRY,Letty,1987-05-26,password,2016-06-22
202,LEMAIRE,Kelsey,2000-04-25,password,2016-02-14
203,ROY,Ngai,2010-06-04,password,2015-05-24
204,BONNET,Alberto,1992-11-21,password,2016-10-07
205,PICARD,Neville,1989-11-09,password,2014-03-12
206,DUMONT,Lena,1997-03-18,password,2016-07-16
207,PETIT,Sotiria,2011-10-24,password,2016-02-11
208,BLANC,Sylvestre,1999-09-12,password,2014-09-26
209,MERCIER,Irénée,1995-07-04,password,2015-03-13
210,MICHEL,Iyov,2009-07-17,password,2016-06-15
211,ARNAUD,Lærke,2009-10-14,password,2015-04-16
212,RIVIERE,Greger,1995-10-22,password,2015-10-10
213,DURAND,Kyla,2000-11-26,password,2016-05-14
214,MOREL,Sarava,1996-03-06,password,2016-08-23
215,RICHARD,Haydee,2006-02-20,password,2015-07-31
216,MARTINEZ,Deonne,1988-07-08,password,2015-09-22
217,ROUSSEAU,Amar,2000-01-07,password,2016-09-12
218,Err :502,Fatima,2005-02-15,password,2016-01-29
219,GAUTHIER,Ronald,1998-04-09,password,2015-10-14
220,LEROUX,Kunibert,2003-11-26,password,2016-10-02
221,LEFEBVRE,Albertina,1997-03-12,password,2016-03-19
222,ROUSSEAU,Daniela,1986-02-19,password,2014-10-07
223,NICOLAS,Merritt,2002-01-29,password,2015-03-10
224,MEYER,Royale,1986-06-03,password,2016-05-29
225,ROUSSEAU,Gréagóir,2002-04-24,password,2014-03-20
226,DUFOUR,Driskoll,2002-01-01,password,2014-06-23
227,LAMBERT,Esdras,1992-07-19,password,2016-04-23
228,BLANC,Lorens,1988-10-13,password,2015-09-07
229,ROUX,Mahalia,2011-04-09,password,2016-08-23
230,FONTAINE,Bahiyya,1997-01-11,password,2015-09-12
231,BOYER,Luke,1992-03-07,password,2016-04-07
232,ROBIN,King,1998-05-27,password,2015-11-01
233,LUCAS,Dániel,2001-03-26,password,2016-02-08
234,MULLER,Helma,2010-10-29,password,2014-06-05
235,ARNAUD,Trahaearn,1995-04-02,password,2014-04-14
236,MICHEL,Umberto,2006-10-14,password,2015-04-25
237,PAYET,Ezar,2010-05-27,password,2016-10-14
238,BLANCHARD,Tova,1992-09-11,password,2014-09-28
239,FABRE,Róis,2011-01-17,password,2015-08-20
240,ARNAUD,Morana,1999-03-10,password,2016-07-16
241,GIRARD,Filander,2002-07-26,password,2015-11-10
242,BRUN,Issac,1998-02-08,password,2015-04-16
243,MOREL,Léontine,2002-07-18,password,2013-12-25
244,PAYET,Dan ,2007-04-19,password,2014-03-21
245,BLANCHARD,Gwilim,2004-10-30,password,2015-02-10
246,VIDAL,Shereen,2000-05-21,password,2014-06-07
247,LUCAS,Claudiu,2003-05-12,password,2016-07-09
248,LACROIX,Gülbahar,1995-07-13,password,2015-11-26
249,PAYET,Tamás,2002-05-12,password,2016-09-27
250,RIVIERE,Ottokar,2011-04-29,password,2015-08-04
251,BLANCHARD,Martyn,2003-06-13,password,2014-08-13
252,PICARD,Adair,2010-08-03,password,2016-03-19
253,LAMBERT,Sulislaw,1989-01-12,password,2015-01-18
254,GAUTHIER,Gunnvor,1988-02-22,password,2014-12-03
255,CARON,Jagdish,1992-10-24,password,2016-10-07
256,LACROIX,Hala,1991-05-08,password,2015-10-14
257,MOREAU,Bengt,1992-06-19,password,2015-02-08
258,CHEVALIER,Sybil,2007-02-15,password,2015-02-15
259,Err :502,Martinho,1995-08-12,password,2014-12-07
260,MOREL,Marta,1998-06-02,password,2016-01-19
261,RENARD,Shantae,1984-12-27,password,2014-08-03
262,MOREL,Ronda,2009-10-10,password,2014-07-28
263,COLIN,Kobina,2001-06-26,password,2015-05-16
264,ROUX,Marganita,1986-09-16,password,2015-09-26
265,BRUN,Su,2011-08-04,password,2014-10-22
266,MEYER,Lore,1999-09-25,password,2016-02-27
267,VINCENT,Clancy,1999-08-16,password,2015-08-26
268,THOMAS,Lydia,2004-09-27,password,2016-01-07
269,ROBIN,Lala,2003-11-29,password,2014-07-11
270,PICARD,Colombain,2003-07-06,password,2015-12-25
271,BERTRAND,Nuray,2002-05-13,password,2015-09-12
272,ROCHE,Emilian,2008-07-20,password,2016-09-03
273,BARBIER,Willard,1998-01-03,password,2016-06-03
274,DUMAS,Takouhi,1987-02-28,password,2015-11-30
275,PICARD,Areli,1991-11-28,password,2015-08-17
276,JOLY,Mehmet,2001-06-11,password,2014-02-14
277,DUPONT,Delma,2000-06-11,password,2015-08-24
278,PIERRE,Thom,2001-12-07,password,2016-04-07
279,HENRY,Percy,1997-07-24,password,2015-09-20
280,GAUTHIER,Jolyon,2001-03-04,password,2014-08-29
281,THOMAS,Rhosyn,2007-06-13,password,2015-06-03
282,DUMONT,Columbo,1988-11-12,password,2014-04-20
283,CHEVALIER,Lárus,2010-08-06,password,2014-07-29
284,PICARD,Leonti,2002-10-15,password,2014-10-14
285,ROBERT,Ena,1987-09-04,password,2014-08-14
286,PICARD,Edweena,1990-10-28,password,2015-03-19
287,LEMOINE,Cristi,1988-01-31,password,2016-06-20
288,RENARD,Ríonach,2004-04-16,password,2014-11-06
289,MARTINEZ,Cadence,2010-12-16,password,2016-11-02
290,PHILIPPE,Enitan,1986-09-30,password,2015-08-06
291,MARIE,Torger,1998-12-15,password,2014-04-07
292,PHILIPPE,Gervase,2005-02-18,password,2016-10-16
293,FOURNIER,Jasmin,2000-05-12,password,2015-02-25
294,FOURNIER,Raja,2008-05-24,password,2013-12-04
295,GUERIN,Ingemar,2000-03-02,password,2015-08-04
296,ROUSSEL,Earnestine,1995-08-06,password,2016-07-13
297,MATHIEU,Dan ,1985-09-13,password,2015-01-11
298,LAURENT,Tatyana,2003-10-20,password,2015-02-28
299,CARON,Vashti,1994-11-10,password,2015-05-27
300,MOREAU,Regan,2005-12-03,password,2014-09-08
301,GAUTHIER,Klavdija,2005-04-03,password,2015-10-08
302,LEMOINE,Sunniva,2008-11-13,password,2014-05-02
303,BERTRAND,Boyd,2007-05-21,password,2014-02-18
304,GARCIA,Nieve,1987-05-30,password,2014-12-14
305,MERCIER,Octavio,2010-09-02,password,2014-08-27
306,MERCIER,Paul,2009-08-14,password,2015-01-22
307,DUBOIS,Steen,2006-12-13,password,2016-04-28
308,ROUX,Katarin,1998-10-22,password,2016-07-22
309,BENOIT,Basmath,1995-08-31,password,2014-10-20
310,DUPONT,Ettie,1990-08-02,password,2015-08-29
311,CLEMENT,Shanika,1991-06-09,password,2016-06-23
312,SCHMITT,Meirion,2005-05-14,password,2016-10-21
313,GAILLARD,Mikayla,2006-03-31,password,2015-02-04
314,MARTINEZ,Shannah,1996-08-01,password,2015-04-18
315,DUFOUR,Dada,1985-08-07,password,2016-06-08
316,ROGER,Swanhilde,2004-07-27,password,2014-02-09
317,ROUX,Orla,1996-08-31,password,2015-12-01
318,GAILLARD,Ophelia,2004-10-23,password,2016-04-06
319,GAUTHIER,Rosine,1992-04-18,password,2014-01-06
320,RENAUD,Sipho,2011-09-13,password,2016-05-19
321,BENOIT,Surendra,2009-08-02,password,2014-01-13
322,LEFEVRE,Rashad,2006-12-06,password,2014-05-20
323,FONTAINE,Uranus,1993-09-07,password,2014-07-08
324,BERTRAND,Aurélie,2000-11-14,password,2015-09-11
325,PAYET,Kristiina,1995-05-31,password,2015-04-15
326,VINCENT,Sommer,2003-05-25,password,2016-06-14
327,PAYET,Beryl,1988-12-06,password,2014-01-27
328,BENOIT,Hoyt,1996-09-29,password,2016-08-19
329,GERARD,Gyula,1985-10-28,password,2014-11-06
330,MICHEL,Thomas,2007-01-04,password,2015-11-24
331,MOREL,Evthalia,1990-12-23,password,2015-04-14
332,AUBERT,Constantine,2009-03-18,password,2015-08-12
333,BRUN,Kaycee,2004-09-21,password,2016-04-21
334,FABRE,Pedro,2002-12-11,password,2015-04-05
335,PAYET,Ayala,2005-05-02,password,2014-11-13
336,LECLERCQ,William,2002-01-20,password,2014-10-06
337,BRUNET,Lotte,1990-07-29,password,2014-06-30
338,CARON,Adrianne,1985-04-01,password,2014-06-29
339,MOREL,Kalea,2004-04-08,password,2016-07-28
340,VIDAL,Ignatius,1994-06-08,password,2015-04-01
341,ARNAUD,Laila,1998-10-31,password,2015-05-31
342,GARCIA,Serena,1989-12-17,password,2014-09-04
343,GAILLARD,Carol,1985-05-12,password,2015-11-05
344,SIMON,Volkan,1994-01-20,password,2014-07-22
345,BENOIT,Tracie,2004-08-22,password,2014-02-07
346,RENARD,Quanna,1998-07-24,password,2015-11-27
347,LEMAIRE,Carmen,1992-06-02,password,2016-07-27
348,LACROIX,Amalia,2003-08-01,password,2016-01-10
349,THOMAS,Leontina,2003-05-26,password,2014-08-16
350,GUERIN,Jeanie,1998-08-04,password,2015-08-24
351,DUMAS,Meena,2006-06-01,password,2015-12-15
352,MARIE,Chiumbo,2007-06-14,password,2016-10-12
353,ROUSSEL,Holden,1994-12-09,password,2016-11-12
354,AUBERT,Ivory,1987-11-22,password,2014-02-05
355,GAILLARD,Endre,2009-03-02,password,2016-07-13
356,FABRE,Liviana,1997-02-08,password,2014-03-22
357,MATHIEU,Ephraim,2004-09-13,password,2014-07-04
358,FAURE,Howell,1985-01-13,password,2016-01-22
359,HENRY,Ealdgy?,2005-08-13,password,2015-06-24
360,BRUNET,Zane,1987-04-17,password,2016-02-04
361,PHILIPPE,Françoise,2005-11-30,password,2014-05-25
362,ROUX,Duygu,1997-12-03,password,2014-10-15
363,LEROY,Lolicia,1988-09-21,password,2015-06-01
364,MASSON,Nikolaos,2010-01-24,password,2016-08-06
365,MARTINEZ,Brunette,2010-11-15,password,2014-09-16
366,LAMBERT,Yuval,2003-04-07,password,2016-02-06
367,MARCHAND,Ecaterina,2009-04-05,password,2016-08-08
368,LAURENT,Denys,2008-11-27,password,2016-11-06
369,LECLERCQ,Treasa,2009-03-04,password,2014-03-11
370,LUCAS,Petrona,2001-07-05,password,2014-12-30
371,BRUNET,Donaldina,1998-04-03,password,2016-10-27
372,ROGER,Stan,1995-04-19,password,2015-02-07
373,FAURE,Ron ,2008-03-19,password,2016-08-08
374,ROY,Chelsey,1991-09-21,password,2016-03-30
375,BOYER,Selim,1990-08-14,password,2015-07-29
376,MARIE,Gerolt,1986-08-28,password,2016-05-13
377,MEYER,Radko,2007-09-20,password,2015-01-14
378,MORIN,Monta,1985-05-24,password,2016-08-29
379,DAVID,Krister,2004-01-08,password,2015-07-27
380,DUVAL,Ife,1999-06-18,password,2014-08-12
381,MERCIER,Coreen,1989-08-01,password,2016-01-17
382,DUBOIS,Janele,2010-12-27,password,2015-11-20
383,MOREAU,Vilppu,2011-11-14,password,2015-05-19
384,HENRY,Aldo,1999-08-21,password,2014-08-09
385,LECLERCQ,Iolo,1996-05-30,password,2015-02-08
386,ROGER,Crina,1991-02-20,password,2016-03-06
387,DURAND,Dieudonnée,2005-08-02,password,2014-04-20
388,FONTAINE,Louiza,1990-01-09,password,2016-10-13
389,ROUX,Madeline,2011-07-11,password,2015-09-08
390,BERTRAND,Seward,1986-08-16,password,2016-05-21
391,MERCIER,Kirsteen,1996-01-14,password,2014-11-21
392,DAVID,Janneke,1994-04-12,password,2015-01-16
393,GUERIN,Marsaili,1986-07-04,password,2016-03-04
394,MASSON,Mona ,1986-02-06,password,2014-10-06
395,MARTIN,Yankel,1986-10-24,password,2016-10-31
396,ROUSSEAU,Fidelma,2010-09-09,password,2014-05-21
397,LEMAIRE,Maximilien,2002-07-16,password,2015-02-09
398,ROUX,Radoslava,2005-11-27,password,2014-05-31
399,OLIVIER,Elina,1995-12-13,password,2016-01-09
400,MATHIEU,Corbin,2009-02-19,password,2015-05-11
401,LECLERC,Caesar,1999-06-23,password,2016-07-28
402,BONNET,Shripati,1987-09-26,password,2016-05-27
403,BERTRAND,Fifi,2010-04-28,password,2015-04-29
404,FOURNIER,Lucky,1985-11-03,password,2014-08-30
405,VINCENT,Jacenty,1989-04-23,password,2015-04-12
406,PAYET,Crawford,1996-01-12,password,2014-05-06
407,DUBOIS,Tien,1999-02-12,password,2016-09-29
408,MARTIN,Marlyn,1995-02-06,password,2016-03-23
409,NICOLAS,Amira,1985-07-21,password,2014-01-09
410,AUBERT,Xerxes,1991-01-18,password,2014-08-18
411,LUCAS,Iefan,1998-12-28,password,2016-11-02
412,RICHARD,Olaf,2010-06-25,password,2016-04-25
413,Err :502,Kerr,1997-05-08,password,2013-12-19
414,FAURE,Jodie,1998-10-07,password,2015-04-08
415,GAUTIER,Cher,1991-11-01,password,2016-03-25
416,LEFEBVRE,Tucker,1986-06-28,password,2015-04-25
417,DUVAL,Electra,2006-02-28,password,2015-05-09
418,MICHEL,Donatello,2008-06-27,password,2015-06-12
419,BERNARD,Nadia ,1999-09-10,password,2015-10-20
420,LACROIX,Kirsty,1987-04-28,password,2015-02-22
421,HENRY,Oddmund,1990-01-07,password,2014-05-31
422,DUVAL,Sarra,2008-07-28,password,2014-01-14
423,BLANC,Ignaas,1986-03-29,password,2015-03-18
424,ROGER,Margrét,1996-05-25,password,2016-11-10
425,LEFEVRE,Yan,2000-06-20,password,2015-05-12
426,RENAUD,Pavlo,2004-03-14,password,2014-07-19
427,GERARD,Céleste,1994-02-28,password,2016-05-07
428,LEMOINE,Innocent,2005-04-17,password,2013-12-24
429,ROUSSEAU,Armin,1990-07-30,password,2013-12-29
430,CLEMENT,Brian,1991-07-17,password,2016-06-21
431,PHILIPPE,Gaspar,1995-11-14,password,2014-12-01
432,MICHEL,Konstantin,1991-03-14,password,2015-10-08
433,MARCHAND,Jytte,2010-02-03,password,2016-10-18
434,RENARD,Jytte,1993-09-15,password,2014-06-21
435,OLIVIER,Marilou,2011-11-02,password,2016-05-03
436,DUMAS,Theirn,1999-03-12,password,2015-08-24
437,JOLY,Mehitabel,2006-07-14,password,2015-02-28
438,RICHARD,Bertoldo,1991-06-04,password,2015-07-07
439,ROUSSEAU,Arndt,1995-07-14,password,2015-06-28
440,LECLERCQ,Caradog,2011-10-05,password,2016-01-25
441,PETIT,Isa,1989-04-06,password,2015-04-25
442,BOYER,Goro,1997-12-17,password,2015-01-27
443,VINCENT,Jacaline,2007-01-03,password,2016-04-01
444,AUBERT,Sabeen,2011-06-17,password,2014-12-10
445,ROCHE,Barclay,2000-02-20,password,2016-11-15
446,LEFEVRE,Gualtiero,2005-01-30,password,2015-04-03
447,BERTRAND,Trahaearn,2003-01-17,password,2014-04-03
448,GIRAUD,Mara ,2005-09-09,password,2014-10-07
449,LACROIX,Anke,1999-02-18,password,2016-01-13
450,RENAUD,Juuso,1988-07-06,password,2014-10-31
451,GAILLARD,Gwendoline,2004-10-30,password,2014-06-05
452,LEFEVRE,Irène,1991-10-10,password,2015-07-05
453,PETIT,Sweeney,1997-09-20,password,2014-03-11
454,DUVAL,Wil,1989-07-24,password,2015-03-10
455,GARNIER,Maaria,1988-12-05,password,2015-12-19
456,PIERRE,Taliba,1989-01-04,password,2014-11-11
457,PICARD,Kim ,2011-05-03,password,2015-05-03
458,FOURNIER,Acacius,2005-01-16,password,2014-02-11
459,RENAUD,Avdotya,2000-03-29,password,2013-12-27
460,FONTAINE,Algernon,2010-07-08,password,2015-09-03
461,MEUNIER,Joos,2001-01-12,password,2015-12-11
462,LUCAS,Antony,1994-10-28,password,2016-09-19
463,DUVAL,Hotaka,1988-09-27,password,2015-04-03
464,RENARD,Ludvig,1996-12-13,password,2016-03-10
465,FRANCOIS,Luc,1990-11-11,password,2016-06-11
466,PIERRE,Taskill,1995-11-09,password,2016-04-25
467,DURAND,Alejo,1993-10-27,password,2015-10-11
468,MEUNIER,Eber,2009-06-26,password,2015-11-06
469,REY,Ndidi,1999-12-26,password,2016-06-24
470,MEYER,Zach,1999-03-22,password,2016-01-29
471,RICHARD,Imam,1987-11-20,password,2014-05-23
472,SIMON,Visnja,1994-06-16,password,2016-04-20
473,PERRIN,Set,2009-10-01,password,2015-09-25
474,LEROY,Georgeta,1997-07-02,password,2016-06-21
475,ARNAUD,Tunç,1990-04-06,password,2014-07-13
476,LEROY,Jürgen,1987-03-29,password,2015-03-05
477,GIRARD,Quetzalcoatl,1994-01-29,password,2015-07-24
478,DUBOIS,Augusto,1997-03-30,password,2015-03-09
479,NOEL,Bartholomew,2009-10-25,password,2015-05-08
480,ANDRE,Nerissa,2009-10-15,password,2014-05-28
481,LAURENT,Vít,1995-11-20,password,2016-03-24
482,DAVID,Ioann,1987-11-17,password,2014-06-15
483,DUPONT,Fabienne,1988-09-23,password,2014-02-05
484,CHEVALIER,Tziporah,2006-07-01,password,2014-09-10
485,MEUNIER,Kaia,2005-07-02,password,2014-08-20
486,MARCHAND,Balthasar,1991-10-19,password,2014-12-07
487,GAUTIER,Madonna,1989-08-19,password,2015-12-14
488,DUVAL,Bryant,2004-06-07,password,2016-10-25
489,FONTAINE,Vincenzo,2000-06-23,password,2013-12-04
490,BRUN,Berna,1996-04-28,password,2013-12-30
491,PICARD,Dmitriy,2003-04-07,password,2016-04-09
492,GIRAUD,Weston,1994-03-28,password,2016-09-15
493,MERCIER,Cadell,2007-05-17,password,2016-06-22
494,CLEMENT,Calvagh,1996-01-24,password,2016-01-28
495,REY,Lorrin,1993-12-19,password,2015-05-19
496,SCHMITT,Govad,1991-04-03,password,2016-06-11
497,ARNAUD,Janneke,1989-04-27,password,2015-04-30
498,VINCENT,Papak,1996-01-18,password,2015-09-30
499,CLEMENT,Jenaro,1999-04-09,password,2016-05-11
500,MARTINEZ,Pryderi,2004-06-13,password,2015-06-03
501,GAILLARD,Wieland,2007-05-24,password,2016-05-01
502,DUVAL,Yasu,1994-12-29,password,2016-06-22
503,LEMOINE,Wim,1985-07-29,password,2014-10-28
504,MICHEL,Orla,2002-12-04,password,2014-07-09
505,LEMOINE,Bienvenida,2007-11-28,password,2015-01-26
506,MASSON,Helios,1994-09-21,password,2014-11-26
507,ROUSSEAU,Ecaterina,2008-06-09,password,2016-05-27
508,GUERIN,Reeta,1991-07-29,password,2015-11-15
509,ROBIN,Grizel,2000-08-02,password,2014-03-30
510,AUBERT,Pika,2011-11-07,password,2016-03-18
511,DUBOIS,Rica,2003-09-06,password,2015-12-23
512,FOURNIER,Mariana,1998-08-11,password,2016-07-04
513,MARIE,Tommaso,1991-08-17,password,2016-11-03
514,COLIN,Susie,1990-04-21,password,2016-02-09
515,BOURGEOIS,Mariangela,1999-10-22,password,2014-02-10
516,GARNIER,Anita,2006-08-11,password,2015-01-02
517,OLIVIER,Augusta,1999-11-27,password,2014-09-16
518,PERRIN,Tucker,1999-05-03,password,2014-08-05
519,GIRAUD,Berlin,1989-04-28,password,2016-09-23
520,HENRY,Elen,2004-07-12,password,2015-04-03
521,MARIE,Tancredo,1997-02-06,password,2016-06-21
522,CLEMENT,An,2008-08-11,password,2015-08-30
523,ROBERT,Esmeralda,2002-04-16,password,2015-12-07
524,LEROY,Leocadia,1988-07-28,password,2015-03-14
525,MASSON,Arantxa,1996-01-07,password,2016-03-31
526,CHEVALIER,Afanen,1995-04-24,password,2015-08-27
527,LUCAS,Lyle,1996-07-26,password,2016-06-18
528,FOURNIER,Emilia,1996-06-14,password,2016-09-16
529,DUVAL,Luca ,2007-12-12,password,2014-10-28
530,CARON,Fridtjof,1997-11-12,password,2015-05-23
531,VINCENT,Dierk,2002-12-05,password,2015-02-23
532,RIVIERE,Francesca,1993-11-28,password,2014-04-02
533,BENOIT,Zdislav,2003-12-17,password,2015-01-12
534,OLIVIER,Windsor,1991-04-12,password,2014-04-02
535,BOYER,Cernunnos,2005-10-30,password,2014-03-11
536,BARBIER,Claudine,2008-04-14,password,2014-01-04
537,FRANCOIS,Líadan,2007-12-01,password,2016-09-11
538,DUBOIS,Usko,2010-09-29,password,2016-03-06
539,ROGER,Sanjit,1994-11-29,password,2014-10-04
540,ROBERT,Ronit,1986-03-29,password,2016-04-27
541,ROUX,Aleksi,2008-05-26,password,2016-04-28
542,ROUX,Moricz,1994-07-27,password,2015-08-14
543,GIRAUD,Aintzane,1999-03-21,password,2015-05-03
544,BRUN,Stasya,2007-09-20,password,2016-10-30
545,GAILLARD,Fingall,1996-08-14,password,2015-03-23
546,FOURNIER,Benjamín,1990-11-13,password,2014-09-06
547,COLIN,Bettie,1992-08-08,password,2015-11-02
548,NICOLAS,Arrigo,2010-06-05,password,2014-05-05
549,LACROIX,Pietro,1991-10-20,password,2015-03-26
550,DUBOIS,Engel,1991-01-12,password,2016-11-01
551,SIMON,Astarte,1985-12-21,password,2014-04-08
552,VIDAL,Dewayne,2008-07-05,password,2015-02-26
553,BLANCHARD,Fina,1988-12-02,password,2016-03-05
554,ROUX,Aniruddha,2009-07-12,password,2014-02-07
555,MORIN,Domenica,1996-09-05,password,2015-06-06
556,BOYER,Yarden,2001-08-17,password,2016-09-08
557,PERRIN,Elaine,2010-03-10,password,2014-05-24
558,BRUNET,Shakuntala,1990-07-26,password,2015-05-30
559,ROCHE,Pyrrhus,1999-10-18,password,2015-12-10
560,COLIN,Jeroen,2011-03-06,password,2016-10-03
561,LUCAS,Vincenc,1991-05-12,password,2014-04-23
562,LEMAIRE,Ena,1993-02-22,password,2015-09-02
563,GAUTHIER,Miruna,2010-10-18,password,2016-07-21
564,LEROY,Ranya,2001-09-23,password,2016-06-30
565,HENRY,Bláthnat,1986-07-16,password,2016-06-16
566,DURAND,Jo,1993-07-13,password,2016-07-18
567,LACROIX,Hoyt,2007-05-04,password,2014-11-18
568,DUFOUR,SiÌneag,1994-01-21,password,2016-11-08
569,ROUSSEL,Lawahiz,1986-12-27,password,2014-05-15
570,LEMAIRE,Erika,1998-07-05,password,2015-08-26
571,ROY,Zaida,1993-09-12,password,2015-09-27
572,PETIT,Larrie,1993-11-10,password,2015-08-29
573,GUILLAUME,Nayeli,1994-07-01,password,2016-07-12
574,BERNARD,Andela,1991-04-14,password,2015-03-21
575,RENARD,Sana',2010-07-09,password,2014-09-18
576,ROUX,Goffredo,2003-01-02,password,2014-08-10
577,MARIE,Havel,2003-05-05,password,2016-09-16
578,VIDAL,Saturn,2006-06-26,password,2016-11-19
579,MOREAU,Adorján,2005-01-04,password,2014-08-06
580,ROGER,Radovan,1994-12-21,password,2015-05-15
581,MERCIER,Elodia,1989-01-03,password,2014-10-08
582,GUERIN,Daividh,1990-08-31,password,2014-03-19
583,GIRARD,Rikki,2004-12-02,password,2016-01-10
584,Err :502,Schwanhild,2004-10-22,password,2016-10-21
585,MATHIEU,Nándor,1989-01-04,password,2016-09-25
586,MASSON,Jeannine,1993-01-14,password,2015-11-30
587,MARCHAND,Ganesha,1991-12-24,password,2016-08-04
588,GAUTHIER,Nanda,1989-03-22,password,2014-01-08
589,NOEL,Hampus,1989-09-03,password,2014-02-12
590,LEMOINE,Robyn,1999-05-13,password,2014-03-11
591,ROLLAND,Citlali,2007-09-24,password,2016-05-18
592,DUVAL,Giacomo,1989-10-04,password,2016-01-15
593,BOYER,Roddy,1993-11-27,password,2015-07-13
594,LECLERCQ,Pearce,1990-10-26,password,2016-09-01
595,FONTAINE,Garrick,1988-11-04,password,2016-03-14
596,NICOLAS,Alis,2008-01-26,password,2015-03-14
597,RENARD,Eulia,2000-08-20,password,2016-10-18
598,PERRIN,Parvaiz,1999-07-17,password,2014-11-07
599,MARTIN,Akinyi,1994-03-19,password,2016-03-21
600,MOREL,Zora,1989-05-24,password,2015-10-15
601,LEFEBVRE,Ayn,1995-03-31,password,2014-11-14
602,ANDRE,Apollinariya,1989-04-25,password,2014-01-29
603,LEMOINE,Fidelis,1986-12-12,password,2014-09-29
604,FAURE,Patsy,1996-05-08,password,2014-03-05
605,ROLLAND,Isiah,2003-12-17,password,2016-11-10
606,MARTINEZ,Martti,1992-08-19,password,2016-07-09
607,DUBOIS,Urien,1995-08-19,password,2014-09-28
608,RENARD,Gustavo,2004-10-25,password,2015-09-10
609,MULLER,Lina ,1992-01-04,password,2015-05-03
610,BARBIER,Éamonn,1998-09-02,password,2014-09-17
611,ARNAUD,Kiersten,1997-04-28,password,2015-05-31
612,ROUSSEAU,Nasira,2002-06-14,password,2016-06-16
613,FABRE,Than,2004-07-20,password,2016-11-03
614,BLANC,Jovana,2004-07-10,password,2014-08-17
615,COLIN,Alberto,1998-07-29,password,2016-09-08
616,BONNET,Shakir,2011-07-19,password,2016-07-17
617,PAYET,Herman,1986-01-12,password,2015-03-01
618,DURAND,Lim,2003-08-03,password,2014-06-15
619,ROUSSEL,Garsha,1997-08-13,password,2014-10-15
620,DUMAS,Imhotep,1999-12-27,password,2014-04-20
621,LEROY,Szilvia,1985-01-03,password,2014-10-07
622,MASSON,Govad,1993-04-11,password,2015-12-16
623,PIERRE,Hamo,2004-07-07,password,2016-11-02
624,GUERIN,Marcus,2002-03-09,password,2015-10-03
625,PERRIN,Stacey,1988-07-29,password,2014-02-13
626,VINCENT,Aliz,1986-08-28,password,2014-01-18
627,GUERIN,Peers,2005-09-26,password,2016-01-08
628,DUMONT,Petri,1998-05-18,password,2014-07-27
629,CHEVALIER,Olalla,1995-11-06,password,2016-11-21
630,DUMAS,Chayim,1991-02-08,password,2015-01-28
631,LEMOINE,Gloria,2011-01-10,password,2014-12-30
632,MOREAU,Pascuala,2000-11-02,password,2014-07-03
633,MATHIEU,Savino,2003-11-30,password,2014-03-16
634,LEFEVRE,Kunigonde,2008-02-29,password,2016-07-12
635,BARBIER,Gwynedd,1989-04-14,password,2015-02-25
636,REY,Gwil,1990-03-04,password,2015-11-24
637,GARCIA,Robert,1998-03-07,password,2014-03-11
638,ROCHE,Shelia,2001-05-30,password,2015-05-22
639,FABRE,Jowita,1999-07-21,password,2014-10-23
640,BARBIER,Kameron,2007-05-12,password,2015-08-15
641,ROUX,Esi,1985-11-21,password,2014-10-24
642,GAILLARD,Solomon,1992-10-03,password,2016-06-01
643,MULLER,Zenovia,2002-08-09,password,2014-03-06
644,BLANC,Egidio,2007-05-16,password,2015-09-26
645,BLANCHARD,Jeptha,1985-05-13,password,2015-04-02
646,PERRIN,Hasim,2007-03-04,password,2016-05-13
647,BERTRAND,Onora,2011-09-05,password,2015-08-16
648,RIVIERE,Joby,2004-06-09,password,2015-01-27
649,PICARD,Behram,1985-02-05,password,2015-02-25
650,VIDAL,Huan,1988-07-10,password,2015-11-10
651,FAURE,Etel,2009-03-12,password,2015-02-14
652,BLANCHARD,Urs,1993-01-05,password,2013-12-04
653,PIERRE,Magnhild,1989-02-02,password,2015-05-22
654,ROLLAND,Kistna,1992-12-24,password,2015-06-05
655,CARON,Valeria,1997-09-27,password,2014-02-27
656,VIDAL,Kader,1990-12-03,password,2014-06-15
657,GUERIN,Leslie,1992-06-22,password,2015-03-15
658,LAMBERT,Wieslaw,1998-03-19,password,2013-12-13
659,ROUX,Storm,1989-10-26,password,2014-02-28
660,ROBERT,Jodie,2007-02-17,password,2014-02-19
661,GIRAUD,Anand,1996-03-13,password,2014-05-19
662,BOYER,Danya,2000-12-31,password,2016-07-04
663,LEROY,Pau,1997-07-25,password,2015-03-12
664,ARNAUD,Berkant,2006-12-30,password,2016-10-22
665,GIRAUD,Gawain,1990-02-13,password,2014-02-08
666,DUVAL,Emmet,2001-02-02,password,2013-12-04
667,PERRIN,Feliciano,1997-03-12,password,2016-09-15
668,BENOIT,Cammie,1987-11-26,password,2016-08-29
669,AUBERT,Kisecawchuck,1989-03-09,password,2016-06-02
670,BERNARD,Shyam,2007-11-24,password,2014-05-30
671,MOREL,Fabrizio,1997-08-24,password,2016-10-13
672,MEYER,Enya,2010-11-06,password,2014-06-22
673,PIERRE,Elenora,2008-12-08,password,2015-05-28
674,ROCHE,Rolf,1988-12-17,password,2014-08-30
675,MARCHAND,Wilkie,1992-04-14,password,2015-11-06
676,CHEVALIER,Anaxagoras,1989-09-29,password,2015-07-27
677,BONNET,Sergius,1992-09-01,password,2014-09-01
678,FONTAINE,Tomasz,1991-05-26,password,2016-09-02
679,DUFOUR,Ottaviano,1986-05-01,password,2013-12-06
680,BOURGEOIS,Nagi,2011-03-10,password,2015-09-28
681,RENARD,Arevig,1998-10-27,password,2016-02-29
682,NICOLAS,Winthrop,1989-05-09,password,2014-08-28
683,OLIVIER,Papak,1992-01-17,password,2015-11-26
684,ROY,Kaitlin,1990-03-14,password,2015-12-11
685,HENRY,Myles,1994-04-07,password,2016-04-15
686,ROCHE,Llew,1995-12-16,password,2014-09-02
687,ROBIN,Maas,2003-08-30,password,2015-10-10
688,RICHARD,Sunita,1990-06-03,password,2015-04-19
689,ROUSSEL,Jonquil,1998-11-05,password,2014-01-01
690,BRUNET,Lauro,1999-07-17,password,2014-04-03
691,GARCIA,Noele,1990-09-19,password,2016-11-07
692,MERCIER,Lammert,2010-06-06,password,2014-02-22
693,LEFEBVRE,Zeno,1987-06-08,password,2016-02-06
694,GARNIER,April,2008-03-13,password,2014-03-03
695,DUVAL,Oral,2006-08-23,password,2016-03-22
696,CLEMENT,Marjan,2002-01-21,password,2016-02-09
697,SCHMITT,Nagi,2009-04-08,password,2016-09-15
698,NICOLAS,Muirne,1988-04-09,password,2014-08-10
699,BOURGEOIS,Abaddon,1985-03-03,password,2016-10-16
700,FOURNIER,ToÌmas,2001-09-03,password,2016-10-03
701,BERTRAND,Amenhotep,1986-06-20,password,2015-12-02
702,ROY,Fionnlagh,2004-05-11,password,2015-03-13
703,LEMOINE,Elysia,2004-06-06,password,2015-06-02
704,GARCIA,Aletha,1990-03-26,password,2015-04-10
705,MEUNIER,Ríghnach,2009-01-16,password,2014-12-29
706,RENAUD,Goronwy,2009-02-25,password,2014-09-18
707,PETIT,Árpád,1992-03-23,password,2016-01-27
708,RENARD,Hatty,2000-03-29,password,2015-04-30
709,NICOLAS,Neus,1995-01-17,password,2015-12-29
710,RIVIERE,Suzume,1985-08-28,password,2014-10-09
711,GAUTHIER,Ianthina,2007-01-29,password,2014-08-23
712,DENIS,Sanford,1988-07-25,password,2015-01-05
713,GARNIER,Hyam,2009-10-11,password,2014-04-30
714,RICHARD,Helios,1986-04-26,password,2016-07-09
715,MOREL,Finnbar,1990-08-19,password,2016-09-03
716,ARNAUD,Pere,1995-02-13,password,2015-12-11
717,HENRY,Hikaru,2000-01-07,password,2016-08-03
718,LEFEVRE,Leyton,2000-10-04,password,2014-07-30
719,GIRAUD,Anaru,1990-01-27,password,2014-12-11
720,PHILIPPE,Asunción,2005-04-14,password,2015-08-24
721,BENOIT,Emelie,1997-09-29,password,2014-11-28
722,LEFEBVRE,Manus,1990-06-17,password,2016-01-03
723,RICHARD,Bohuslava,1998-12-21,password,2015-10-19
724,LAMBERT,Elea,2011-01-06,password,2016-03-02
725,REY,Aneurin,1994-12-12,password,2014-09-06
726,LEGRAND,Peers,2007-02-04,password,2015-08-10
727,GUERIN,Feichín,1997-01-31,password,2016-11-28
728,DUVAL,Janella,1994-11-19,password,2014-12-13
729,ROUSSEAU,Gunvor,2005-08-24,password,2014-06-10
730,VINCENT,Aurelius,1993-12-01,password,2014-06-11
731,LEFEVRE,Tinek,1988-08-18,password,2016-05-15
732,CHEVALIER,Ayla ,1997-10-12,password,2015-01-25
733,COLIN,Oskari,2005-11-14,password,2016-08-21
734,BLANCHARD,Fravardin,2001-07-08,password,2014-07-01
735,FONTAINE,Quique,1995-04-04,password,2015-06-24
736,DUFOUR,Pantaleon,1992-07-08,password,2016-05-23
737,PERRIN,Beau,1990-03-12,password,2016-07-20
738,ROY,Keir,1996-12-03,password,2016-10-11
739,VIDAL,Juno,2009-01-19,password,2015-10-20
740,FOURNIER,Hailey,2011-09-28,password,2015-10-11
741,LEMAIRE,Marcellette,2006-07-27,password,2014-05-18
742,ROUSSEAU,Marieke,1998-06-20,password,2016-09-24
743,VINCENT,Syd,1997-12-24,password,2016-06-26
744,LEMAIRE,Carmo,1989-04-15,password,2014-03-26
745,OLIVIER,Juan,2004-05-21,password,2014-02-01
746,GIRAUD,Basma,2004-04-10,password,2015-03-29
747,BOURGEOIS,Publius,1990-07-23,password,2014-06-26
748,BERTRAND,Penny,1997-08-04,password,2014-07-30
749,COLIN,Mukul,1996-08-27,password,2014-05-18
750,FONTAINE,Dene,1985-09-02,password,2015-02-06
751,FABRE,Tommi,1998-05-05,password,2015-06-12
752,ROBERT,Ingrid,1997-02-14,password,2014-05-15
753,BERTRAND,Jaydon,2008-02-04,password,2015-08-16
754,JOLY,Flavius,2001-03-08,password,2014-03-07
755,PIERRE,Giampiero,1996-10-30,password,2015-12-23
756,LAMBERT,Mele,2000-05-28,password,2014-04-29
757,LEMOINE,Don,1992-08-02,password,2016-07-14
758,MARCHAND,Qing,1988-01-19,password,2016-09-08
759,LECLERC,Saleem,1985-01-03,password,2016-06-18
760,DURAND,Chayim,2008-01-21,password,2016-06-14
761,GAILLARD,Melek ,2005-11-26,password,2016-05-13
762,LACROIX,Martie,1987-03-04,password,2013-12-14
763,HENRY,Sharyl,2010-10-07,password,2015-10-07
764,LECLERCQ,Yannick,1998-10-26,password,2015-07-23
765,BERNARD,Brónach,1988-02-18,password,2013-12-03
766,COLIN,Susan,1985-04-25,password,2015-09-16
767,MOREL,Yvon,1999-05-21,password,2014-11-16
768,FABRE,Donatello,2005-09-06,password,2016-11-09
769,HENRY,Silja,1994-11-21,password,2016-01-05
770,PICARD,Trefor,1992-01-19,password,2014-04-02
771,LAMBERT,Afua,1987-10-28,password,2016-08-24
772,ROUSSEL,Shelley,2006-02-03,password,2015-01-03
773,GAUTHIER,Rowanne,1988-05-21,password,2015-04-02
774,PICARD,Fachtna,1989-02-12,password,2015-03-27
775,LEFEVRE,Síthmaith,1986-10-07,password,2014-05-18
776,MARCHAND,Hemi,1985-09-28,password,2014-08-17
777,BENOIT,Mavreena,1995-08-05,password,2013-12-23
778,ROUSSEL,Bithiah,2001-06-07,password,2015-03-25
779,OLIVIER,Jagoda,1993-12-28,password,2016-09-29
780,CHEVALIER,Ing,2002-09-02,password,2016-05-27
781,ROLLAND,ErnoÞ,2000-11-12,password,2015-02-16
782,PIERRE,Bertie,2011-05-24,password,2016-11-29
783,MASSON,Heida,2004-12-25,password,2015-08-07
784,ROUSSEL,Judith,1998-07-06,password,2015-05-23
785,Err :502,Inês,2006-04-24,password,2013-12-13
786,BERNARD,Walker,2006-02-08,password,2015-02-07
787,MOREL,Mina,2008-04-15,password,2016-02-16
788,ROBIN,Hakim,1986-04-29,password,2016-07-07
789,GARCIA,Josh,2007-04-11,password,2016-07-26
790,DAVID,Nydia,1989-08-01,password,2016-08-29
791,ROBERT,Junko,2009-07-06,password,2016-04-21
792,Err :502,Antony,2000-10-28,password,2014-08-09
793,MASSON,Lamech,1987-03-12,password,2015-01-11
794,BENOIT,Anya,1991-11-23,password,2016-07-12
795,THOMAS,Maredudd,2008-12-23,password,2015-11-11
796,PIERRE,Márta,1990-10-19,password,2016-10-07
797,MOREL,Ellen,2006-03-17,password,2014-03-13
798,FOURNIER,Mieczyslaw,1989-03-26,password,2014-10-18
799,RICHARD,Rodya,2003-03-31,password,2014-10-05
800,ROGER,Pearce,1985-09-27,password,2014-03-13
801,MARTINEZ,Jacinto,2004-12-25,password,2014-12-27
802,RENAUD,Davide,1987-01-01,password,2014-12-22
803,THOMAS,SiÌleas,1985-05-29,password,2016-06-05
804,DURAND,Timofei,2007-01-13,password,2014-10-24
805,PIERRE,Milan,2011-06-24,password,2015-11-13
806,MERCIER,Júlia,2005-06-18,password,2015-02-27
807,CARON,Demosthenes,2000-04-15,password,2014-10-22
808,FABRE,Winnifred,1994-03-30,password,2015-05-25
809,VINCENT,Howell,1992-08-22,password,2016-09-15
810,FRANCOIS,Georgeta,1989-01-08,password,2014-12-14
811,NOEL,Lotte,1989-01-12,password,2016-03-29
812,MEYER,Udo,1998-11-24,password,2013-12-08
813,Err :502,Olivie,2002-04-18,password,2016-03-09
814,PICARD,Minnie,1987-07-22,password,2014-01-19
815,ANDRE,Severino,1985-04-26,password,2014-02-01
816,ANDRE,Cätälin,2002-06-17,password,2015-11-28
817,ROBIN,Rian,2010-01-17,password,2014-08-29
818,MARCHAND,Auberon,1997-08-07,password,2014-02-27
819,PETIT,Ros,2001-08-14,password,2015-06-21
820,DUVAL,Kristine,2007-10-26,password,2016-08-07
821,CHEVALIER,Ruthie,1994-01-21,password,2015-04-03
822,RENAUD,Tondra,1991-05-05,password,2014-12-08
823,CHEVALIER,Sibyl,1994-04-05,password,2015-09-21
824,GIRAUD,Alta,1996-08-20,password,2016-01-20
825,ROLLAND,Carrol,2008-02-03,password,2016-09-22
826,DUFOUR,Yngve,2000-01-19,password,2014-09-04
827,DUVAL,Pellegrino,1990-05-19,password,2016-10-24
828,LAMBERT,Pearlie,2002-12-04,password,2016-05-21
829,OLIVIER,Nivek,2006-07-22,password,2014-02-24
830,ANDRE,Modestus,1987-01-21,password,2015-12-15
831,MARTINEZ,Oighrig,2008-09-19,password,2016-06-03
832,CARON,Meta,1995-12-23,password,2015-10-08
833,BENOIT,Celestino,1998-08-31,password,2015-10-21
834,VINCENT,Eleonoora,2003-07-07,password,2014-08-13
835,RENARD,Delphinia,1990-03-26,password,2013-12-16
836,DUVAL,Reuel,1986-08-09,password,2014-04-28
837,GIRAUD,Sinclair,2004-06-25,password,2014-12-04
838,ROLLAND,Selma,2005-12-22,password,2016-10-29
839,PIERRE,Guntram,1992-10-28,password,2014-04-09
840,LECLERC,Lonny,2003-05-24,password,2014-05-21
841,DAVID,Radha,2005-01-24,password,2014-08-01
842,LEMOINE,Taddeo,2004-06-18,password,2014-05-31
843,BERNARD,Rayner,1985-01-03,password,2016-03-29
844,PHILIPPE,London,1996-06-25,password,2015-04-26
845,ARNAUD,JoaÞo,2001-07-29,password,2014-12-04
846,VIDAL,Eirlys,1998-03-01,password,2013-12-04
847,FONTAINE,Tacito,1988-06-04,password,2015-06-04
848,RICHARD,Dido,1996-07-25,password,2016-01-29
849,GARNIER,Arkell,2002-04-15,password,2016-02-11
850,PETIT,Jowita,2002-06-30,password,2013-12-27
851,DUMONT,Amos,2001-11-01,password,2014-03-08
852,DUVAL,Alexej,1993-07-21,password,2014-02-16
853,AUBERT,Orpah,1997-05-21,password,2015-06-27
854,BERNARD,Helen,2009-09-06,password,2014-05-19
855,NOEL,Sherrie,2010-07-16,password,2016-08-21
856,DURAND,Stephania,1996-10-31,password,2015-08-27
857,BENOIT,Annabella,1986-12-26,password,2014-03-20
858,BRUN,Dolores,2007-05-19,password,2015-02-23
859,PIERRE,Keiko,1999-06-24,password,2016-07-22
860,GUERIN,Fadila,1993-03-05,password,2015-02-05
861,MATHIEU,Andronikos,1999-07-24,password,2014-01-15
862,MORIN,Babajide,2004-05-12,password,2014-08-20
863,NICOLAS,Shahira,2005-06-11,password,2014-09-03
864,ROLLAND,Neus,2007-12-24,password,2015-09-25
865,LUCAS,Eglantine,1995-04-19,password,2015-03-01
866,BRUN,Tigernán,2007-06-13,password,2016-11-03
867,LUCAS,Bartolomé,1993-03-19,password,2016-10-26
868,THOMAS,Susannah,1987-08-26,password,2015-01-28
869,BRUNET,Reine,1997-02-28,password,2015-11-10
870,GIRAUD,Feofilakt,1992-12-02,password,2016-01-23
871,ROUSSEL,Gnaeus,1985-11-23,password,2016-09-10
872,BLANCHARD,Darby,1994-10-08,password,2016-10-08
873,LEMOINE,Candela,2008-12-05,password,2014-01-02
874,THOMAS,Xenophon,1985-11-18,password,2016-03-07
875,RIVIERE,Eligia,1985-01-20,password,2015-03-06
876,ROUSSEAU,Grigori,2011-03-25,password,2016-01-16
877,BRUN,Sudarshana,1994-11-22,password,2014-10-13
878,MARTINEZ,Nicola ,1996-07-14,password,2015-09-27
879,CHEVALIER,Brooks,1998-08-22,password,2014-07-10
880,ROBERT,Evdokiya,2007-03-24,password,2016-02-11
881,LEROUX,Vladimir,1992-03-17,password,2014-06-01
882,LECLERCQ,Porter,1990-08-26,password,2014-07-17
883,NOEL,Dag,1989-11-01,password,2014-04-09
884,LECLERC,Arachne,1998-09-01,password,2014-07-26
885,SIMON,Johnie,1993-06-30,password,2016-07-13
886,FAURE,Brittany,2008-10-02,password,2014-05-16
887,SIMON,Yaroslava,1999-11-07,password,2014-10-08
888,MARTIN,Hadjara,2010-06-12,password,2013-12-31
889,PIERRE,Jørn,2000-10-28,password,2015-06-21
890,MERCIER,Kayley,1993-01-09,password,2014-11-18
891,FOURNIER,Rokuro,1988-05-28,password,2015-02-09
892,OLIVIER,Kiran,1992-06-12,password,2016-06-11
893,BARBIER,Viggo,2009-05-04,password,2015-06-20
894,DAVID,Miroslawa,1985-10-02,password,2016-03-08
895,MARIE,Silvestre,1985-11-15,password,2015-10-02
896,ROCHE,Bronislawa,2009-11-02,password,2014-04-21
897,LUCAS,Ralphie,1992-06-27,password,2014-02-10
898,MICHEL,Alea,1989-05-04,password,2016-08-03
899,DUPONT,Witold ,1987-03-31,password,2014-09-07
900,GAUTHIER,Elvis,1993-06-01,password,2015-07-07
901,ROCHE,Leni,1996-04-24,password,2016-07-26
902,GUERIN,Dermid,1986-03-13,password,2016-03-18
903,REY,Ginevra,2002-12-30,password,2016-08-21
904,RIVIERE,Keeley,1991-03-09,password,2016-09-07
905,AUBERT,Erwin,1994-12-04,password,2014-12-27
906,CARON,Rokuro,2004-06-01,password,2015-05-21
907,ROGER,Zosimos,1986-01-10,password,2014-02-21
908,NOEL,Sukie,2003-11-18,password,2016-08-17
909,GUERIN,Luciano,1991-05-08,password,2016-07-16
910,MARIE,Bent,2010-06-23,password,2014-05-25
911,PICARD,Demetrio,1995-11-01,password,2016-08-11
912,DURAND,Peers,1995-01-08,password,2016-08-21
913,MATHIEU,Brandon,2005-11-25,password,2014-11-22
914,GUERIN,Palmer,2007-01-02,password,2014-01-14
915,SCHMITT,Rubye,1992-07-17,password,2015-06-03
916,GARCIA,Rain,2003-02-03,password,2016-04-20
917,MERCIER,Deven,1985-12-10,password,2016-07-18
918,GUILLAUME,Cupid,1992-03-07,password,2015-05-27
919,DENIS,Geraldo,1995-08-04,password,2016-06-24
920,AUBERT,Anica,2008-11-03,password,2016-11-28
921,DUMONT,Quentin,2007-01-01,password,2015-12-06
922,GARCIA,Nyssa,1992-05-28,password,2013-12-23
923,OLIVIER,Gabriele ,2002-09-26,password,2015-01-22
924,MARCHAND,Didier,2000-09-29,password,2016-01-21
925,RICHARD,Taskill,2011-09-10,password,2016-06-19
926,ROLLAND,Wenceslas,2008-03-14,password,2014-01-24
927,DAVID,Miranda,2004-07-24,password,2015-01-23
928,RENARD,Micaiah,1997-03-25,password,2016-11-22
929,DUMAS,Irinei,1991-02-08,password,2015-02-10
930,BLANC,Fu,2004-04-01,password,2014-12-25
931,BRUN,Jason,2008-10-27,password,2014-12-25
932,ROBIN,Kameron,2003-09-29,password,2016-10-04
933,GAUTHIER,Munir,1995-11-22,password,2015-10-12
934,MARTINEZ,Philemon,2004-05-18,password,2016-08-20
935,MULLER,Bengt,1999-06-06,password,2014-08-12
936,RENARD,Cupid,1993-08-13,password,2016-03-21
937,CHEVALIER,Buddy,2000-12-03,password,2015-11-16
938,BERNARD,Hisham,1985-10-04,password,2014-01-30
939,MOREAU,Elfreda,1989-07-21,password,2015-05-11
940,BONNET,Lawrence,2003-04-01,password,2015-11-25
941,AUBERT,Michelina,1989-08-14,password,2016-05-08
942,DUMONT,Philis,2008-11-04,password,2014-04-28
943,CLEMENT,Marly,2004-09-23,password,2014-09-02
944,DUFOUR,Atticus,1989-08-07,password,2016-04-04
945,PICARD,Campbell,1990-08-27,password,2016-11-15
946,GERARD,Marianne ,1993-09-02,password,2014-05-19
947,CHEVALIER,Anath ,2008-08-28,password,2015-12-08
948,BLANC,Mathilda,2006-08-04,password,2015-08-09
949,LAMBERT,Seeta,2010-11-27,password,2015-05-10
950,FAURE,Carson,1998-05-17,password,2016-07-03
951,MASSON,Lavena,2002-08-08,password,2014-08-03
952,ROCHE,Mae,1986-11-02,password,2015-03-10
953,SCHMITT,Argyros,1991-02-21,password,2015-03-28
954,CHEVALIER,Kornelia,2006-10-21,password,2016-08-13
955,ANDRE,Hristina,2003-10-27,password,2014-04-29
956,CARON,Eetu,1991-11-06,password,2016-08-23
957,DURAND,Chatzkel,2009-12-05,password,2016-11-18
958,BENOIT,Ciaran,1994-07-06,password,2016-07-22
959,ARNAUD,Delphia,2007-10-11,password,2014-09-28
960,ARNAUD,Zaki,1996-02-15,password,2015-10-19
961,FAURE,Tansy,1991-12-21,password,2015-06-11
962,LAURENT,Comgal,2001-08-20,password,2016-08-10
963,HENRY,Alcaeus,1993-05-16,password,2015-04-03
964,RIVIERE,Rokuro,1993-03-26,password,2016-02-24
965,JOLY,Jewell,1997-12-04,password,2015-11-20
966,DUMAS,Huey,2000-03-03,password,2016-06-06
967,DUFOUR,Lamprecht,1987-05-17,password,2015-05-11
968,ROBERT,Jaka,1994-10-22,password,2015-11-23
969,PETIT,Shay ,2001-08-20,password,2014-09-11
970,GAILLARD,Raimondo,1996-02-04,password,2014-08-04
971,NOEL,Curro,2000-06-17,password,2014-02-23
972,LEROY,Kerenza,2010-08-29,password,2015-01-01
973,PETIT,Norbert,2008-08-15,password,2015-11-09
974,JOLY,Vasilka,1989-02-16,password,2016-07-13
975,BRUN,Jamesina,1996-12-28,password,2015-06-06
976,BLANCHARD,Onora,2011-01-30,password,2016-07-28
977,LEMAIRE,Mairéad,1995-01-17,password,2015-11-21
978,BLANC,Darryl,2001-03-21,password,2016-06-10
979,FRANCOIS,Attila,1987-07-09,password,2015-12-26
980,DUBOIS,Hatim,1995-07-25,password,2014-05-15
981,BARBIER,Anan ,2010-08-28,password,2014-08-18
982,FOURNIER,Venetia,2011-11-24,password,2015-09-02
983,MULLER,Tau,1989-07-07,password,2014-10-22
984,ANDRE,Fiacre,2000-02-09,password,2016-10-11
985,DUPONT,Nathalie,2003-08-23,password,2014-09-04
986,MOREL,Kalyani,2002-03-04,password,2016-01-18
987,AUBERT,Adel,1990-05-05,password,2014-07-17
988,FAURE,Mária,1995-11-26,password,2014-02-12
989,LEFEBVRE,Edmé,1986-08-30,password,2014-10-02
990,LACROIX,Monna,1985-12-30,password,2014-02-02
991,GAILLARD,Vladimir,2004-04-11,password,2014-04-30
992,MARTIN,Nada,2000-02-23,password,2015-12-30
993,CARON,Sancha,2010-10-13,password,2015-05-21
994,PAYET,Stein,1991-07-26,password,2014-12-04
995,BONNET,Confucius,2000-02-10,password,2016-07-20
996,BARBIER,Ardghal,2011-04-27,password,2014-12-22
997,NICOLAS,Benesh,1987-10-10,password,2014-06-01
998,RIVIERE,Erich,1995-07-16,password,2016-07-10
999,RICHARD,Darrell,1992-01-20,password,2016-08-25
